voiceId	scSqr	scScale
gs1:GrandPno	1	0.5
gs2:GrandPno		
gs3:GrandPno	0	0.59375
gs4:GrandPno		
gs4:Uprt.Pno		
gs4:Mild Pno		
gs1:Piano 1w	1	0.5
gs4:UprtP. w		
gs4:MildP. w		
gs1:Piano 1d	1	0.5
gs3:EuropePf		
gs3:PianoStr		
gs4:Pno+Str2		
gs4:DreamPno		
gs4:DreamP.2		
gs1:BritePno	1	0.4375
gs2:BritePno		
gs3:BritePno		
gs4:BritePno		
gs4:PopPiano		
gs4:Rock Pno		
gs1:Piano 2w	1	0.375
gs2:Piano 2w		
gs3:Piano 2w	0	0.625
gs4:PopPno w		
gs4:RockP. w		
gs3:DancePno		
gs1:EGrndPno	1	0.625
gs2:EGrndPno		
gs3:EGrndPno		
gs2:EGRhode1		
gs2:EGRhode2		
gs1:Piano 3w	1	0.375
gs2:Piano 3w		
gs3:Piano 3w	0	0.78125
gs1:HnkyTonk	1	0.375
gs2:HnkyTonk		
gs3:HnkyTonk		
gs4:HnkyTonk		
gs1:HnkyTk w	1	0.375
gs2:Old Uprt		
gs3:HnkyTnk2		
gs1:ElPiano1	1	0.4375
gs2:ElPiano1		
gs3:ElPiano1	0	0.84375
gs1:Det.EP 1	1	0.25
gs2:StSoftEP		
gs3:ChorusEP		
gs3:SilntRho		
gs1:EPiano1v	1	0.5
gs2:FM+SA EP		
gs3:Dst.EPno		
gs1:60sElPno	1	0.5
gs3:Wurly EP		
gs2:HrdRhode		
gs2:MelRhode		
gs1:ElPiano2	1	0.4375
gs2:ElPiano2		
gs4:ElPiano3		
gs1:Det.EP 2	1	0.25
gs4:Det.EP 3		
gs4:DXLegend		
gs1:ElPno 2v	1	0.5
gs2:StereoDX	0	0.5625
gs2:DX Hard 		
gs4:DX Phase		
gs1:Hrpschrd	1	0.4375
gs2:Hrpschrd		
gs4:Hrpschrd		
gs3:Hpschrd2		
gs4:Hpschrd3		
gs1:CplHapsi	1	0.25
gs1:Harpsi.w	1	0.375
gs1:Harpsi.o	1	0.25
gs3:SynHapsi		
gs1:Clavinet	1	0.75
gs2:Clavinet		
gs4:Clavinet		
gs4:Clvinet2		
gs4:AtkClavi		
gs4:AtkClv.2		
gs3:Comp Clv		
gs3:Reso Clv		
gs4:PhaseClv		
gs3:Clavi. o		
gs3:AnaClavi		
gs3:JP8 Clv1		
gs3:JP8 Clv2		
gs4:SyRngClv		
gs4:SyDstClv		
gs4:JP8k Clv		
gs4:PulseClv		
gs1:Celesta	1	0.625
gs3:PopCelst		
gs1:Glocken	1	0.56
gs2:Glocken		
gs1:MusicBox	1	0.75
gs2:MusicBox		
gs4:MusicBox		
gs4:MusicBx2		
gs4:St.MusBx		
gs1:Vibrafon	1	0.625
gs2:Vibrafon		
gs3:Vibrafon		
gs2:HardVibr		
gs3:Pop Vibr		
gs1:Vib. w	1	0.4375
gs3:Vibra. w		
gs3:Vibrafns		
gs1:Marimba	1	0.5
gs2:Marimba		
gs1:Marmba w	2	0.5
gs2:Barafon		
gs2:Barafon2		
gs2:Log Drum		
gs1:Xylophon	1	0.9375
gs2:Xylophon		
gs4:Xylofn.w		
gs1:TubulBel	1	0.625
gs4:TubulBel		
gs1:ChrchBel	1	1
gs1:Carillon	1	0.9375
gs4:ChchBel2		
gs4:TubBel w		
gs1:Santur	1	0.75
gs4:Santur		
gs2:Santur 2		
gs4:Santur 3		
gs2:Cimbalom		
gs3:Zither		
gs3:Zither 2		
gs3:Dulcimer		
gs1:DrawOrgn	1	0.625
gs2:DrawOrgn		
gs3:DrawOrgn		
gs2:Organ101		
gs4:FullOrgn		
gs4:FullOrg2		
gs4:FullOrg3		
gs4:FullOrg4		
gs4:FullOrg5		
gs4:FullOrg6		
gs1:DetDrwOr	1	0.25
gs3:TremDrOr		
gs2:Organ109		
gs3:Organ. o		
gs4:FullOrg7		
gs4:FullOrg8		
gs4:FullOrg9		
gs1:60sDrOrg	1	0.375
gs2:60sDrOr2		
gs2:60sDrOr3		
gs3:FarfOrgn		
gs2:CheezOrg		
gs3:D-50 Org		
gs3:JUNO Org		
gs3:HybridOr		
gs3:VS Organ		
gs3:EChrchOr		
gs4:JX-8P Or		
gs4:FM Organ		
gs1:DrawOrg2	1	0.375
gs3:70sDrOrg		
gs2:EvenBar		
gs2:Organ Ba		
gs3:5thOrgan		
gs1:PercOrgn	1	0.9375
gs2:PercOrgn		
gs3:PercOrgn		
gs2:Organ201		
gs3:JazzOrgn		
gs3:EOrg16+2		
gs4:JazzOrg2		
gs4:JazzOrg3		
gs4:JazzOrg4		
gs4:JazzOrg5		
gs4:JazzOrg6		
gs1:DetPrcOr	1	0.375
gs3:ChorusOr		
gs3:OctaveOr		
gs1:PercOrg2	1	0.4375
gs3:PercOrg3		
gs4:PercOrg4		
gs4:PercOrg5		
gs4:PercOrg6		
gs1:RockOrgn	0	0.375
gs2:RotaryOr		
gs2:SlwRotar		
gs3:RockOrg2		
gs3:RockOrg3		
gs2:FstRotar		
gs1:ChrchOrg	1	0.4375
gs1:ChurOrg2	1	0.3125
gs1:ChurOrg3	1	0.3125
gs2:OrgFlute		
gs2:TrmOrgFl		
gs3:ThtreOrg		
gs1:ReedOrgn	1	0.6875
gs3:WindOrgn		
gs4:PuffOrgn		
gs1:Acordion	1	0.4375
gs2:Acordion		
gs3:Acordion		
gs1:AccordIt	0	0.25
gs3:DstAcord		
gs3:ChoAcord		
gs3:HrdAcord		
gs3:SftAcord		
gs1:Harmnica	1	0.375
gs2:Harmnica		
gs3:Harmnica		
gs4:Harmnica		
gs2:Harmo. 2		
gs4:BscBHrmo		
gs4:SplBHrmo		
gs1:Bndoneon	1	0.3125
gs2:Bndoneon		
gs3:Bndoneon		
gs3:Bndneon2		
gs3:Bndneon3		
gs1:NylonGtr	1	0.75
gs2:NylonGtr		
gs3:NylonGtr		
gs1:Ukulele	2	0.6875
gs1:NylnGt.o	1	0.625
gs2:VelGtHrm		
gs1:NylonGt2	1	0.6875
gs2:LequintG		
gs1:SteelGtr	1	0.625
gs2:SteelGtr		
gs3:SteelGtr		
gs1:12StrGtr	1	0.4375
gs2:Nyln&Stl		
gs4:AtkSteel		
gs1:Mandolin	1	0.5
gs3:Mandoln2		
gs3:MandoTrm		
gs2:SteelGt2		
gs4:Stl&Body		
gs1:Jazz Gtr	1	1
gs3:Jazz Gtr		
gs2:MellowGt		
gs1:HawaiiGt	1	0.5
gs2:PedalStl		
gs1:CleanGtr	1	0.625
gs2:CleanGtr		
gs3:CleanGtr		
gs3:ClnHalfG		
gs3:OpnHrdGt	0	0.9375
gs3:OpnHrdG2		
gs3:JC ClnGt		
gs4:AtkClnGt		
gs1:ChorusGt	1	0.375
gs3:JC ChoGt		
gs3:TCFrntPk		
gs3:TCRearPk		
gs3:TC Clean		
gs3:TC Cln 2		
gs4:LPRearPk		
gs4:LPRearP2		
gs4:LPRearAt		
gs4:MidT.Gtr		
gs4:ChngRuan		
gs4:ChgRuan2		
gs1:MutedGtr	1	0.75
gs2:MutedGtr		
gs3:MutedGtr		
gs2:Mu.DstGt		
gs3:TCMuteGt	0	1	
gs1:Funk Gtr	2	0.5
gs2:Funk Pop		
gs1:FunkGtr2	1	0.5625
gs4:Jazz Man		
gs1:OvrDrvGt	1	0.6875
gs2:OvrDrvGt		
gs3:OvrDrvGt		
gs3:OvrDrGt2	0	0.8125
gs3:OvrDrGt3	0	0.5625
gs3:MoDrvGtr		
gs4:Gt.Pinch		
gs4:AtkDrvGt		
gs3:LPOvrDrv		
gs3:LPOvrDr2		
gs4:LP HfDrv		
gs4:LPHfDrv2		
gs4:LPChorus		
gs1:Dist.Gtr	1	0.5
gs2:Dist.Gtr		
gs3:Dist.Gtr		
gs2:DistGtr2		
gs2:DazedGtr		
gs3:DistGtr3		
gs3:FstDstGt		
gs4:AtkDstGt		
gs1:FeedbkGt	2	0.5
gs2:FeedbkG2		
gs2:PowerGtr	0	0.75
gs2:PowerGt2		
gs2:5thDist.		
gs2:RockRthm		
gs2:RckRthm2		
gs4:DsRthmGt		
gs1:GtrHarmo	1	0.75
gs1:GtFeedbk	1	0.5
gs3:GtrFdbk2		
gs2:AcGtrHmo		
gs3:ElBaHrmo		
gs1:Aco.Bass	1	1
gs2:Aco.Bass		
gs3:Aco.Bass		
gs4:Aco.Bass		
gs3:Rokabily		
gs3:WildAcBa		
gs4:AtkAcoBa		
gs3:Bass+OHH		
gs1:FngrBass	1	0.9375
gs2:FngrBass		
gs3:FngrBass		
gs2:FngrBas2		
gs2:Jazzy Ba		
gs3:JazzyBa2		
gs3:RockBass		
gs4:HeartBas		
gs4:AtkFngr.		
gs4:FngrSlap		
gs3:ChorJzBa		
gs3:F.Ba/Hrm		
gs1:PickBass	1	0.75
gs2:PickBass		
gs3:PickBass		
gs3:PickBas2		
gs3:PickBas3	1	0.75
gs3:PickBas4	1	0.75
gs4:DblPikBa		
gs2:M.PkBass		
gs3:PkBa/Hrm		
gs1:Fretless	1	0.75
gs2:Fretless		
gs2:Fretles2		
gs2:Fretles3		
gs2:Fretles4		
gs2:SynFretl		
gs2:SmthFrtl		
gs3:WoodFrtl		
gs1:SlapBass	1	0.90625
gs2:SlapBass		
gs3:Pop Slap		
gs2:ResoSlap		
gs3:UnisnSlp		
gs1:SlapBas2	1	0.6875
gs2:SlapBas2		
gs4:SlpBass3		
gs3:FM Slap		
gs1:SynBass1	1	0.4375
gs2:SynBass1		
gs1:SynBa101	1	0.5625
gs3:CS Bass		
gs3:JP-4 Ba		
gs3:JP-8 Ba		
gs3:P5 Bass		
gs3:JPMG Ba		
gs1:SynBass3	1	0.3125
gs2:AcidBass		
gs2:TB303 Ba		
gs2:TechnoBa		
gs3:TB303Ba2		
gs3:TB303Kik		
gs3:TB303Saw		
gs3:Rubbr303		
gs3:Reso 303		
gs2:ResoSHBa		
gs3:303SqrBa		
gs3:303DstBa		
gs4:Clavi.Ba		
gs4:HammerBa		
gs4:JungleBa		
gs4:SquareBa		
gs4:Sqr.Ba.2		
gs3:ArpgioBa		
gs4:Polak Is		
gs4:VeryCute		
gs4:HitSawBa		
gs4:RingBass		
gs4:AtkSinBa		
gs4:OBSineBa		
gs4:Aux Bass		
gs4:303SqDsB		
gs4:303SqDB2		
gs4:303SqDB3		
gs4:303SqBRv		
gs4:TeeBee		
gs1:SynBass2	2	0.75
gs2:SynBa201		
gs2:ModulrBs		
gs2:Seq.Bass		
gs3:MG Bass		
gs3:MGOctBas		
gs3:MGOctBa2		
gs3:MGBlipBa		
gs1:SynBass4	1	0.3125
gs2:BeefFMBa		
gs2:X WireBa		
gs3:Dly Bass		
gs3:X WireBa		
gs3:WreStrBa		
gs3:BlipBass		
gs3:RubbrBa2		
gs4:SynBelBa		
gs4:Odd Bass		
gs1:RubberBa	1	0.3125
gs2:SH101Ba1		
gs2:SH101Ba2		
gs2:SmoothBa		
gs3:SH101Ba3		
gs3:Spike Ba		
gs3:House Ba		
gs3:KG Bass		
gs3:SyncBass		
gs3:MG5th Ba		
gs3:RandomBa		
gs3:WowMG Ba		
gs3:BubbleBa		
gs4:AtkPulse		
gs4:SyncBas2		
gs4:PulseMix		
gs4:MGDistBa		
gs4:SeqBass2		
gs4:3rd Bass		
gs4:MGOctBas		
gs4:SlwEnvBa		
gs4:MildBass		
gs4:DstEnvBa		
gs4:MGLiteBa		
gs4:DstSynBa		
gs4:RiseBass		
gs4:CyberBas		
gs1:Violin	1	0.5625
gs2:Violin		
gs3:Violin		
gs3:ViolnAtk		
gs1:SlwVioln	1	0.6875
gs1:Viola	1	0.5625
gs2:Viola		
gs3:Viola		
gs3:ViolaAtk		
gs1:Cello	1	0.8125
gs2:Cello		
gs3:Cello		
gs3:CelloAtk		
gs1:Contrbas	1	0.71875
gs2:Contrbas		
gs3:Contrbas		
gs4:Contrbas		
gs1:Trem.Str	1	0.5625
gs2:Trem.Str		
gs4:TrmStrSt		
gs2:SlwTrStr		
gs2:Susp.Str		
gs4:SuspStr2		
gs1:Pizz.Str	1	0.75
gs2:Pizz.Str		
gs3:VcCbPizz		
gs3:ChmbrPiz		
gs3:St. Pizz		
gs3:SoloPizz		
gs3:SoloSpic		
gs4:StrsSpic		
gs1:Harp	1	0.84375
gs2:Harp		
gs4:Harp&Str		
gs4:Harp St.		
gs4:UileanHp		
gs3:Syn.Harp		
gs4:YangChin		
gs4:YangQin2		
gs4:SynYanQn		
gs1:Timpani	1	1
gs2:Timpani		
gs1:Strings1	1	0.6875
gs2:Strings1		
gs3:Strings1		
gs4:Strings1		
gs2:Slow Str		
gs3:BriteStr		
gs3:ChmbrStr		
gs3:CellSect		
gs4:Brt.Str2		
gs4:Brt.Str3		
gs4:Quad Str		
gs4:Mild Str		
gs1:Orch.Str	1	0.4375
gs2:OrchStr2		
gs2:TremOrch		
gs2:ChoirStr		
gs3:Str&FrHr		
gs4:Str+Flut		
gs4:ChoirS.2		
gs4:ChoirS.3		
gs2:StStrngs		
gs4:St.Strs2		
gs4:St.Strs3		
gs4:OrchStr3		
gs4:OrchStr4		
gs2:Velo.Str		
gs3:OctavStr		
gs3:OctStr.2		
gs4:ContraSc		
gs4:60s Strs		
gs1:Strings2	1	0.4375
gs2:Strings2		
gs3:Strings2		
gs4:Strings2		
gs2:SlowStr2		
gs4:SlowStr3		
gs2:LegatoSt		
gs2:Warm Str		
gs2:StSlwStr		
gs4:StSlStr2		
gs4:StStr+Ch		
gs4:StStrCh2		
gs1:Syn.Str1	1	0.53125
gs2:Syn.Str1		
gs3:Syn.Str1		
gs2:OB Str.		
gs3:StackStr		
gs3:JP Str.		
gs4:Chor.Str		
gs1:Syn.Str3	1	0.4375
gs3:Syn.Str4		
gs4:Syn.Str6		
gs4:Syn.Str7		
gs4:LoFi Str		
gs3:High Str		
gs3:HybrdStr		
gs3:Tron Str		
gs3:NoizyStr		
gs1:Syn.Str2	2	0.3125
gs3:Syn.Str5		
gs3:JUNO Str		
gs4:FiltOrch		
gs4:JPSawStr		
gs4:HybrStr2		
gs4:Dist.Str		
gs4:JUNOFull		
gs3:Air Str.		
gs4:AtkSyStr		
gs4:StraiStr		
gs1:ChoirAah	1	0.6875
gs2:ChoirAah		
gs3:ChoirAah		
gs2:St.Choir		
gs2:MltChoir		
gs3:ChurchCh		
gs4:BoyChoir		
gs4:BoysCh.2		
gs4:StBoyCh.		
gs4:Rich Ch.		
gs3:ChoirHah		
gs3:ChoirLah		
gs2:ChoirAh2		
gs3:MaleC.Ah		
gs1:VoiceOoh	1	0.625
gs4:VoiceOoh		
gs4:Chor.Ooh		
gs4:VoiceOh2		
gs4:ChorOoh2		
gs4:OohsMaj7		
gs4:OohsSus4		
gs4:JazzScat		
gs3:VoiceDah		
gs4:JazzyDah		
gs4:JazzyBah		
gs4:JazzyDow		
gs4:JazzThum		
gs4:Fem. Lah		
gs4:FemChoLa		
gs4:Fem. Luh		
gs4:FemChoLu		
gs4:Fem. Lan		
gs4:FemChLan		
gs4:Fem. Aah		
gs4:Fem. Uuh		
gs4:F.La&Lan		
gs4:Male Wah		
gs4:MalChoWa		
gs4:Male Woh		
gs4:MalChoWo		
gs4:Male Aah		
gs4:Male Ooh		
gs4:Humming		
gs1:SynVoice	1	0.625
gs4:Syn Vox		
gs4:SynVox 2		
gs2:SyVoice2		
gs3:SlntNght		
gs4:SyVoice3		
gs3:VP330		
gs3:VnlChoir		
gs4:JX8P Vox		
gs4:AnalgVox		
gs1:Orch.Hit	1	0.625
gs2:Orch.Hit		
gs4:Bass Hit		
gs4:6th Hit		
gs4:Euro Hit		
gs2:ImpactHt		
gs2:PhillyHt		
gs2:DoublHit		
gs3:Perc.Hit		
gs3:ShockWav		
gs4:BounceHt		
gs4:DrillHit		
gs4:ThrillHt		
gs2:LoFiRave		
gs3:TechnoHt		
gs3:Dist.Hit		
gs3:Bam Hit		
gs3:Bit Hit		
gs3:Bim Hit		
gs3:Tkng Hit		
gs3:Rave Hit		
gs3:Str. Hit		
gs3:StackHit		
gs4:Indus.Ht		
gs4:Clap Hit		
gs1:Trumpet	1	0.5
gs2:Trumpet		
gs3:Trumpet		
gs4:Trumpet		
gs2:Trumpet2		
gs3:Trumpet3		
gs4:Dark Trp		
gs4:Trp&Noiz		
gs2:FlugelHr		
gs3:4th Trp		
gs2:BriteTrp		
gs2:Warm Trp		
gs4:WarmTrp2		
gs4:Twin Trp		
gs3:Syn Trp		
gs1:Trombone	2	0.625
gs2:Trombone		
gs3:Trombone		
gs4:Trombone		
gs1:Trombon2	1	0.4375
gs3:Twinbone		
gs4:Trom&Tba		
gs4:BrtTromb		
gs3:BassTrom		
gs4:Eufonium		
gs1:Tuba	1	0.9375
gs2:Tuba		
gs2:Tuba 2		
gs4:Tuba+Hrn		
gs1:MutedTrp	1	0.5
gs2:MutedTrp		
gs4:CMuteTrp		
gs4:MuteTrp2		
gs4:MuteTrp3		
gs3:MutedHrn		
gs1:FrchHorn	1	0.5
gs2:FrchHorn		
gs1:FrHorn 2	1	0.5625
gs3:Hrn+Orch		
gs3:WideFrHr		
gs2:FrHrSolo		
gs3:SlwFrHrn		
gs3:DualFrHr		
gs2:HornOrch		
gs3:Syn.Horn		
gs3:RipFrHrn		
gs1:BrasSect	1	0.75
gs3:BrasSect		
gs3:Brass ff		
gs3:BoneSect		
gs4:StBrs ff		
gs4:QuadBras		
gs4:QuadBrs2		
gs1:BrsSect2	1	0.625
gs3:BrsSect3		
gs3:SforzBrs		
gs4:SfzBras2		
gs4:PopBrass		
gs2:BrasFall		
gs3:Trp Fall		
gs3:OctBrass		
gs3:Brs+Reed		
gs4:Fat+Reed		
gs4:OrchBras		
gs4:OrchBrs2		
gs4:StPopBrs		
gs4:StOrchBr		
gs4:StOrBrs2		
gs4:StOrBrs3		
gs1:SynBras1	1	0.375
gs2:SynBras1		
gs3:SynBras1		
gs2:PolyBras		
gs3:JUNO Brs		
gs3:StackBrs		
gs3:SH-5 Brs		
gs3:MKS Bras		
gs4:JumpBras		
gs1:SynBras3	1	0.3125
gs3:ProBrass		
gs2:QuackBrs		
gs3:P5 Brass		
gs4:OrchSyBr		
gs1:AnalgBrs	1	0.3125
gs2:Octa.Brs		
gs3:OctSynBr		
gs3:HybridBr		
gs4:OctSyBr2		
gs4:BPF Bras		
gs1:SynBras2	1	0.4375
gs3:SynBras2		
gs2:SoftBras		
gs3:WarmBras		
gs4:SynBras3		
gs4:SyncBras		
gs4:FatSncBr		
gs4:DeepSyBr		
gs1:SynBras4	1	0.375
gs3:SynSfzBr		
gs3:OB Brass		
gs3:RezBrass		
gs4:DstSqrBr		
gs4:JP8kSwBr		
gs1:Ana.Brs2	2	0.5
gs2:VeloBras		
gs2:VeloBrs2		
gs3:TransBrs		
gs1:SprnoSax	1	0.625
gs2:SprnoSax		
gs3:SprnoSax		
gs3:ExpSprno		
gs1:Alto Sax	2	0.75
gs2:Alto Sax		
gs3:Alto Sax		
gs2:HyprAlto		
gs3:Exp.Alto		
gs3:Grow Sax		
gs3:Alto+Trp		
gs4:Sax Sect		
gs1:TenorSax	1	0.4375
gs2:TenorSax		
gs3:TenorSax		
gs3:TenrSax2		
gs2:BrthTnSx		
gs3:St.TnrSx		
gs1:Bari.Sax	1	0.6875
gs2:Bari.Sax		
gs3:Bari.Sax		
gs3:BariSax2		
gs4:Bari&Tnr		
gs1:Oboe	1	0.75
gs2:Oboe		
gs3:Oboe		
gs4:Oboe		
gs3:Exp.Oboe		
gs3:Mul.Reed		
gs1:Eng.Horn	1	0.8125
gs2:Eng.Horn		
gs1:Bassoon	1	0.6875
gs2:Bassoon		
gs1:Clarinet	1	0.625
gs2:Clarinet		
gs2:BsClari.		
gs3:MultiWnd		
gs4:QuadWind		
gs1:Piccolo	1	0.625
gs2:Piccolo		
gs3:Piccolo2		
gs3:Nay		
gs3:NayTrem.		
gs3:Di Zi		
gs1:Flute	1	0.875
gs2:Flute		
gs3:Flute 2		
gs3:ExpFlute		
gs3:TrvFlute		
gs3:FluteVln		
gs4:PipeReed		
gs3:TrnFlute		
gs4:IndiaFlu		
gs1:Recorder	1	0.8125
gs1:PanFlute	1	0.6875
gs2:PanFlute		
gs2:Kawala		
gs3:Zampona		
gs3:ZmpnaAtk		
gs4:TinWhist		
gs4:TinWhsNm		
gs4:TinWhsOr		
gs1:BotlBlow	1	0.5
gs2:BotlBlow		
gs1:Shakhchi	1	0.3125
gs3:Di Zi 2		
gs1:Whistle	1	0.71825
gs3:Whistle2		
gs1:Ocarina	3	1
gs1:SquareLd	1	0.25
gs3:SquareLd		
gs1:SquareWv	1	0.25
gs3:MGSquare		
gs2:HolwMini		
gs2:MellowFM		
gs2:CC Solo		
gs2:Shmoog		
gs2:LMSquare		
gs4:JP8k TWM		
gs1:SineWave	1	1
gs3:2600Sine		
gs3:SineLead		
gs3:KG Lead		
gs4:TwinSine		
gs3:P5Square		
gs3:OBSquare		
gs3:JP-8 Sqr		
gs4:DsSquare		
gs4:303SqrDs		
gs4:303SqDs2		
gs4:303MixSq		
gs4:2Sqr&Saw		
gs3:Pulse Ld		
gs3:JP8Pulse		
gs3:JP8Puls2		
gs3:MGRezPls		
gs4:JP8Puls3		
gs4:260 Ring		
gs4:303DstLd		
gs4:JP8kDsLd		
gs4:HipHopSi		
gs4:HipHopSq		
gs4:HipHopPu		
gs4:FluxPuls		
gs1:Saw Lead	1	0.375
gs3:Saw Lead		
gs1:Saw Wave	1	0.3125
gs3:OB2 Saw		
gs2:PulseSaw		
gs2:FelineGR		
gs2:Big Lead		
gs2:VeloLead		
gs2:GR-300		
gs2:LA Saw		
gs1:Dr. Lead	1	0.3125
gs3:ThickSaw		
gs4:JP8k Saw		
gs3:D-50 Fat		
gs4:OBDblSaw		
gs4:JPDblSaw		
gs4:ThickSw2		
gs4:SuperSaw		
gs2:WaspySyn		
gs3:PM Lead		
gs3:CS SawLd		
gs3:MG Saw		
gs3:MG Saw 2		
gs3:OB Saw		
gs3:OB Saw 2		
gs3:D-50 Saw		
gs3:SH101Saw		
gs3:CS Saw		
gs3:MG SawLd		
gs3:OB SawLd		
gs3:P5 SawLd		
gs3:MGUnison		
gs3:OctSawLd		
gs4:NtrlLead		
gs3:Seq.Saw.		
gs3:Seq.Saw2		
gs3:Reso Saw		
gs3:CheezSaw		
gs3:ChzSaw 2		
gs3:Rthm Saw		
gs4:SeqAna.3		
gs4:TeknoSaw		
gs1:CaliopLd	1	0.875
gs2:VentLead		
gs2:Pure Pan		
gs1:Chiff Ld	1	0.625
gs3:TB Lead		
gs4:HybridLd		
gs4:UnisnSqr		
gs4:FtSoloLd		
gs4:Force.Ld		
gs4:OctUnisn		
gs4:UnisnSaw		
gs3:Mad Lead		
gs4:Crowd.Ld		
gs4:DblSqrLd		
gs1:CharanLd	1	0.625
gs4:WireLead		
gs4:FBCharan		
gs4:FatGR Ld		
gs4:Windy GR		
gs4:MellowGR		
gs4:GR&Pulse		
gs2:DistLead		
gs3:Acid Gtr		
gs3:AcidGtr2		
gs4:DanceDGt		
gs4:DanceDG2		
gs3:P5Snc.Ld		
gs3:FatSncLd		
gs3:RockLead		
gs3:5thDcySn		
gs3:DirtySnc		
gs4:DualSync		
gs4:LA Brass		
gs3:JUNOSbOs		
gs4:2600SbOs		
gs4:JP8kFdOs		
gs1:Voice Ld	1	0.8125
gs4:VoiceLd2		
gs3:Vox Lead		
gs3:LFO Vox		
gs4:VoxLead2		
gs1:Fifth Ld	1	0.75
gs2:Big Five		
gs3:5th Lead		
gs3:5thAnClv		
gs4:5thPulse		
gs4:JP5thSaw		
gs4:JP8k 5FB		
gs3:4th Lead		
gs1:Bass&Ld	1	0.625
gs2:Big&Raw		
gs2:Fat&Prky		
gs3:JUNORave		
gs3:JP8BaLd1		
gs3:JP8BaLd2		
gs3:SH-5BaLd		
gs4:Delay.Ld		
gs1:Fantasia	1	0.5625
gs2:Fantasy2		
gs3:NewAgePd		
gs3:BelHeavn		
gs4:Fantasy3		
gs4:Fantasy4		
gs4:After D!		
gs4:260HrmPd		
gs1:Warm Pad	1	0.375
gs2:ThickPad		
gs3:ThickMtx		
gs2:Horn Pad		
gs2:RotarStr		
gs2:Soft Pad		
gs3:OBSoftPd	0	0.5625
gs4:Sine Pad		
gs4:OBSftPd2		
gs3:OctavePd		
gs3:StackPad		
gs4:HumanPad		
gs4:SyncBrPd		
gs4:OctPWMPd		
gs4:JPSoftPd		
gs1:PolySyPd	1	0.375
gs2:80sPlySy		
gs3:PlySyPd2		
gs3:PolyKing		
gs4:SuprPoly		
gs3:PwrStack		
gs3:OctStack		
gs3:RezStack		
gs3:TekStack		
gs4:PulseStk		
gs4:TwnOctRv		
gs4:Oct.Rave		
gs4:HappySyn		
gs4:FwdSweep		
gs4:RevSweep		
gs4:MinorRav		
gs1:ChoirPad	1	0.6875
gs2:Heaven		
gs3:SCHeaven		
gs4:Itopia		
gs4:WaterSpa		
gs4:Cold Spa		
gs4:NzPeaker		
gs4:BambooHt		
gs3:CosmicVx		
gs3:Auh Vox		
gs3:Auh Auh		
gs3:Vocorder		
gs4:Holy Vox		
gs1:BowedPad	1	0.4375
gs3:SftBelPd		
gs3:JP8SqrPd		
gs3:7thBelPd		
gs4:SteelGls		
gs4:BotlStak		
gs1:MetalPad	1	0.59375
gs2:Tine Pad		
gs2:PannerPd		
gs4:SteelPad		
gs4:Spe.Rave		
gs4:MetalPd2		
gs1:Halo Pad	1	0.6875
gs3:VoicePad		
gs3:VoxSweep		
gs3:HorrorPd		
gs4:SynVoxPd		
gs4:SynVxPd2		
gs4:BrthRise		
gs4:TearsVox		
gs1:SweepPad	1	0.40625
gs2:PolarPad		
gs4:Ambi.BPF		
gs4:Sync Pad		
gs4:Warriors		
gs2:Converge		
gs2:Shwimmer		
gs2:Celstial		
gs3:BagSweep		
gs4:Swp.Pipe		
gs4:SwpStack		
gs4:Deep Swp		
gs4:StrayPad		
gs1:Ice Rain	1	0.6875
gs1:HrmoRain		
gs1:AfrcWind		
gs3:AnklngPd		
gs3:RattlePd		
gs1:ClaviPad		
gs1:SoundTrk	1	0.5
gs1:Ancestrl		
gs1:Prologue		
gs3:Prolog 2		
gs3:Hols Str		
gs1:Rave		
gs1:Crystal	1	0.5
gs1:SynMalet	1	0.8125
gs1:SftCryst		
gs1:RndGlock		
gs1:LoudGlok		
gs1:GlockChi		
gs1:ClearBel		
gs1:XmasBell		
gs1:VibraBel		
gs1:DigiBell		
gs3:MusicBel		
gs3:AnalgBel		
gs1:ChorlBel		
gs1:AirBells		
gs1:BellHarp		
gs1:Gamelmba		
gs3:JUNO Bel		
gs1:Atmosphr	1	0.75
gs1:WarmAtms		
gs1:NylnHarp		
gs1:Harp Vox		
gs1:Holw.Rlz		
gs1:NlnRhode		
gs1:Ambient		
gs3:Invisibl		
gs3:PulseKey		
gs3:NoisePno		
gs1:Bright	1	0.9375
gs3:ShneStar		
gs3:OB Stab		
gs3:Org Bell		
gs1:Goblins	1	0.25
gs1:GobSynth		
gs1:50sSciFi		
gs3:Abduct		
gs3:Auhbient		
gs3:LFO Pad		
gs3:RandmStr		
gs3:RandomPd		
gs3:Low Bird		
gs3:FallDown		
gs3:LFO Rave		
gs3:LFO Horr		
gs3:LFO Tech		
gs3:Altrnate		
gs3:UFO FX		
gs3:GarglMan		
gs3:Sweep FX		
gs1:Echoes	1	0.6875
gs1:EchoBell	1	0.4375
gs1:Echo Pan	1	0.375
gs1:EchoPan2		
gs1:Big Pan		
gs1:Reso Pan		
gs1:WaterPno		
gs3:Pan Seq.		
gs3:Aqua		
gs1:StarThme	0	0.53125
gs1:StarThm2		
gs3:DreamPad		
gs3:SilkyPad		
gs3:NewCntry		
gs3:7thAtmos		
gs3:GalaxyWy		
gs1:Sitar	1	0.5625
gs4:Sitar		
gs1:Sitar 2	1	0.4375
gs2:DetSitar		
gs3:Sitar 3		
gs4:SitarDrn		
gs4:Sitar 4		
gs2:Tambra		
gs2:Tamboura		
gs1:Banjo	1	1
gs2:Banjo		
gs2:MuteBnjo		
gs2:Rabab		
gs3:San Xian		
gs2:Gopichnt		
gs2:Oud		
gs3:Oud&Str		
gs3:Pi Pa		
gs1:Shamisen	1	1
gs2:Tsugaru		
gs3:SynShami		
gs1:Koto	1	0.6875
gs3:Koto		
gs3:Gu Zheng		
gs1:Taisho	1	0.5
gs2:Kanoon		
gs3:Kann&Chr		
gs3:Oct Harp		
gs1:Kalimba	1	0.9375
gs2:Kalimba		
gs3:Kalimba		
gs3:Sanza		
gs4:Bodhran		
gs4:MuteBodh		
gs1:Bagpipe	1	0.75
gs3:Didgrdoo		
gs4:UillPipe		
gs4:UillPpNm		
gs4:UillPpOr		
gs1:Fiddle	1	0.5625
gs3:Er Hu		
gs3:Gao Hu		
gs1:Shanai	1	0.5625
gs2:Shanai 2		
gs2:Pungi		
gs2:Hichriki		
gs3:Mizmar		
gs3:Suona		
gs3:Suona 2		
gs1:TnklBell	1	1
gs2:Bonang		
gs2:Gender		
gs2:GmlnGong		
gs2:StGameln		
gs3:Jang-Gu		
gs4:Jegogan		
gs4:Jublag		
gs4:Pemade		
gs2:RAMACymb		
gs4:Kajar		
gs4:Kelontuk		
gs4:KelntkMt		
gs4:KelntkSd		
gs4:KopyakOp		
gs4:KopyakMt		
gs4:CengCeng		
gs4:Reyoung		
gs4:Kempur		
gs4:JnglCrsh		
gs4:JgCrsh!!		
gs4:RideCym!		
gs4:RideBel!		
gs1:Agogo	1	0.75
gs2:Agogo		
gs2:Atargane		
gs3:Tmbourin		
gs1:SteelDrm	1	0.625
gs3:IslndMlt		
gs1:Woodblok	1	0.9375
gs1:Castanet	1	1
gs3:Angklung		
gs3:AngkRthm		
gs3:FngrSnap		
gs3:909 Clap		
gs4:HandClp!		
gs1:Taiko	1	0.75
gs3:SmallTko		
gs1:ConcrtBD	1	0.625
gs4:Con.BDMt		
gs3:JungleBD		
gs3:TechnoBD		
gs3:Bounce		
gs4:KendnWad		
gs4:Bebarngn		
gs4:Pelegngn		
gs4:Dholak		
gs4:Dholak 2		
gs4:JnglBaDr		
gs4:Kick1 !!		
gs4:Kick2 !!		
gs4:Kick3 !!		
gs4:Kick4 !!		
gs1:MelodTom	1	0.625
gs2:Real Tom		
gs4:RealTom2		
gs4:Jazz Tom		
gs4:BrushTom		
gs1:MeloTom2	2	0.75
gs2:Rock Tom		
gs3:Rash SD		
gs3:House SD		
gs3:JungleSD		
gs3:909 SD		
gs4:JnglSnDr		
gs4:Snare1!!		
gs4:Snare2!!		
gs4:Snare3!!		
gs4:Snare4!!		
gs4:Snare5!!		
gs1:Syn Drum	0	0.75
gs1:808 Tom	0	0.75
gs1:ElecPerc	1	0.625
gs3:SinePerc		
gs3:606 Tom		
gs3:909 Tom		
gs4:606DsTom		
gs1:RevCymbl	1	0.5625
gs2:RvCymbl2		
gs3:RvCymbl3		
gs4:RvCymbl4		
gs2:RevSnare		
gs2:RvSnare2		
gs2:Rev Kick		
gs2:RevConBD		
gs2:Rev.Tom		
gs2:Rev.Tom2		
gs4:Rev.Tom3		
gs4:Rev.Tom4		
gs4:RvSnr1!!		
gs4:RvSnr2!!		
gs4:RvSnr3!!		
gs4:RvBDr1!!		
gs4:RvBDr2!!		
gs4:RvBDr3!!		
gs4:RvClap!!		
gs1:FretNoiz	1	0.4375
gs1:CutNoise	0	0.25
gs1:Str.Slap	4	0.5
gs2:CutNoiz2		
gs2:DstCutNz		
gs2:B.Slide		
gs2:P.Scrape		
gs3:Gtr.Fx!!		
gs3:BartkPiz		
gs3:Gtr.Slap		
gs3:ChrdStrk		
gs3:BiwaStrk		
gs3:BiwaTrem		
gs4:AcBaNz!!		
gs4:DsGtNz!!		
gs4:ElGtNz!!		
gs4:ElGtNz!2		
gs4:GtStrk!!		
gs4:GtSlide!		
gs4:AcBaMute		
gs4:AcBaTch.		
gs4:AcBaAtk.		
gs4:TCUpNoiz		
gs4:TCDownMt		
gs4:TC Up Mt		
gs4:TCDownNz		
gs4:DsGtUpNz		
gs4:DsGtDown		
gs4:DsGtDwn2		
gs4:DsGtMute		
gs4:GtrStrk5		
gs4:StlGtrSl		
gs4:StlGtSl2		
gs4:StlGtSl3		
gs4:StlGtSl4		
gs4:Gtr.Strk		
gs4:GtrStrk2		
gs4:GtrStrk3		
gs4:GtrStrk4		
gs1:BrthNoiz	0	0.875
gs1:Fl.KClik	0	0.8125
gs4:BrthNz!!		
gs4:Fl. Brth		
gs4:Fl.Brth2		
gs4:Fl.Brth3		
gs4:VoxBrth.		
gs4:VoxBrth2		
gs4:TrombnNz		
gs4:TrumptNz		
gs1:Seashore	1	0.6875
gs1:Shower	1	0.4375
gs1:Thunder	4	0.9375
gs1:Wind	3	0.9375
gs1:Stream	2	0.75
gs1:Bubble	4	0.75
gs3:Wind 2		
gs4:Cricket		
gs3:PinkNoiz		
gs3:White Nz		
gs1:Tweet	1	0.5
gs1:Dog Woof	2	0.5625
gs1:HorseGlp	2	0.625
gs1:BirdTwit	1	0.3125
gs2:Kitty		
gs2:Growl		
gs4:Growl 2		
gs4:FancyAni		
gs4:Seal		
gs1:Telphone	1	0.4375
gs1:PhonCall	2	0.5
gs1:DoorSqek	3	0.625
gs1:DoorSlam	2	0.75
gs1:ScratchC	4	0.625
gs1:WindChim	3	0.75
gs2:Scratch2		
gs3:ScrachKy		
gs3:TapeRwnd		
gs3:PhonNoiz		
gs3:MC500 Bp		
gs4:Scratch3		
gs4:Scratch4		
gs4:Scratch5		
gs4:Scratch6		
gs4:Scratch7		
gs1:Helicptr	1	0.6875
gs1:CarStart	2	0.75
gs1:CarTyreS	2	0.625
gs1:Car Pass	2	0.75
gs1:CarCrash	4	0.625
gs1:Siren	4	0.9375
gs1:Train	4	0.9375
gs1:JetPlane	2	1
gs1:Starship	1	0.625
gs1:Burst	1	0.375
gs3:Calclate		
gs3:PercBang		
gs4:Burner		
gs4:Glas&Glm		
gs4:Ice Ring		
gs4:OverBlow		
gs4:CrakBotl		
gs4:PourBotl		
gs4:Soda		
gs4:CD Tray		
gs4:AudioSwi		
gs4:Key Type		
gs4:TrainHrn		
gs4:TrainPas		
gs4:CarStar2		
gs4:Car Horn		
gs4:Boeeeeen		
gs4:RailCros		
gs4:Compress		
gs4:SwordBom		
gs4:SwordCrs		
gs4:Stab		
gs4:Stab 2		
gs1:Applause	1	0.5625
gs1:LaughVox	3	0.9375
gs1:ScreamVx	4	0.9375
gs1:Punch	3	0.75
gs1:Heart	4	0.75
gs1:Footstep	4	0.4375
gs2:Applauz2		
gs3:SmalClub		
gs3:ApplzWav		
gs4:BabyLaf.		
gs3:Voice 1		
gs3:Voice 2		
gs3:Voice 3		
gs3:VoiceTah		
gs3:VoiceWey		
gs4:Vx Kikit		
gs4:VxComeOn		
gs4:Voice Ow		
gs4:VoiceWoo		
gs4:VoiceHie		
gs1:Gunshot	1	0.75
gs1:MchinGun	3	0.625
gs1:LaserGun	3	0.625
gs1:Xplosion	2	0.625
gs3:Eruption		
gs3:Big Shot		
gs4:Xploshn2		
mt1:GrandPno	1	0.3125
mt1:BritePno	1	0.375
mt1:MelloGrP	1	0.3125
mt1:ElPiano1	1	0.3125
mt1:ElPiano2	1	0.25
mt1:ElPiano3	0	0.3125
mt1:ElPiano4	1	0.3125
mt1:HnkyTonk	1	0.375
mt1:ElecOrgn	0	0.3125
mt1:ElecOrg2	0	0.375
mt1:ElecOrg3	1	0.4375
mt1:ElecOrg4	0	0.3125
mt1:PipeOrgn	0	0.1875
mt1:PipeOrg2	0	0.25
mt1:PipeOrg3	0	0.1875
mt1:Acordion	0	0.1875
mt1:Hrpschrd	1	0.4375
mt1:Hpschrd2	0	0.4375
mt1:Hpschrd3	0	0.25
mt1:Clvichrd	0	0.375
mt1:Clavi. 2	1	0.3125
mt1:Clavi. 3	0	0.3125
mt1:Celesta	0	0.1875
mt1:Celesta2	0	0.25
mt1:SynBrass	0	0.375
mt1:SynBras2	0	0.375
mt1:SynBras3	0	0.25
mt1:SynBras4	1	0.5625
mt1:SynBass1	1	0.4375
mt1:SynBass2	0	0.28125
mt1:SynBass3	1	0.3125
mt1:SynBass4	0	0.25
mt1:Fantasia	0	0.375
mt1:HarmoPan	0	0.125
mt1:Chorale	0	0.3125
mt1:Glasses	0	0.375
mt1:SoundTrk	1	0.5
mt1:Atmosphr	0	0.25
mt1:WarmBell	0	0.3125
mt1:FunnyVox	1	0.1875
mt1:EchoBell	1	0.4375
mt1:Ice Rain	1	0.625
mt1:Oboe2001	1	0.1875
mt1:Echo Pan	1	0.375
mt1:Dr. Solo	0	0.1875
mt1:Sch.Daze	0	0.1875
mt1:Belsingr	0	0.375
mt1:Sqr.Lead	0	0.1875
mt1:Str Sect	0	0.5
mt1:StrSect2	0	0.625
mt1:StrSect3	0	0.5625
mt1:Pizz.Str	0	0.3125
mt1:Violin	1	0.375
mt1:Violin 2	1	0.3125
mt1:Cello	1	0.4375
mt1:Cello 2	1	0.4375
mt1:Contrbas	1	0.4375
mt1:Harp	3	0.375
mt1:Harp 2	1	0.375
mt1:Guitar	1	0.4375
mt1:Guitar 2	0	0.1875
mt1:Elec.Gtr	0	0.46875
mt1:ElecGtr2	0	0.5
mt1:Sitar	1	0.5
mt1:Aco.Bass	0	0.5
mt1:AcouBas2	0	0.5
mt1:ElecBass	0	0.25
mt1:ElecBas2	0	0.1875
mt1:SlapBass	1	0.4375
mt1:SlapBas2	1	0.3125
mt1:Fretless	0	0.5
mt1:Fretles2	0	0.5
mt1:Flute	0	0.25
mt1:Flute 2	1	0.4375
mt1:Piccolo	1	0.4375
mt1:Piccolo2	0	0.21825
mt1:Recorder	0	0.3125
mt1:Pan Pipe	0	0.375
mt1:SprnoSax	0	0.5
mt1:Alto Sax	0	0.375
mt1:TenorSax	0	0.5625
mt1:Bari.Sax	0	0.3125
mt1:Clarinet	0	0.25
mt1:Clrinet2	0	0.25
mt1:Oboe	0	0.375
mt1:Eng.Horn	0	0.5625
mt1:Bassoon	0	0.375
mt1:Harmnica	0	0.375
mt1:Trumpet	0	0.4375
mt1:Trumpet2	0	0.4375
mt1:Trombone	0	0.4375
mt1:Trombon2	0	0.375
mt1:FrchHorn	0	0.3125
mt1:FrHorn 2	0	0.5625
mt1:Tuba	0	0.4375
mt1:BrasSect	0	0.75
mt1:BrasSec2	0	0.5
mt1:Vibrafon	0	0.375
mt1:Vibrfon2	0	0.375
mt1:SynMalet	1	0.1875
mt1:Windbell	1	0.3125
mt1:Glocken	1	0.3125
mt1:TubulBel	1	0.375
mt1:Xylophon	0	0.375
mt1:Marimba	0	0.375
mt1:Koto	0	0.375
mt1:Sho	0	0.1875
mt1:Shakhchi	0	0.4375
mt1:Whistle	0	0.375
mt1:Whistle2	0	0.25
mt1:BotlBlow	0	0.375
mt1:BrthPipe	0	0.4375
mt1:Timpani	0	0.25
mt1:MelodTom	0	0.375
mt1:Dp Snare	0	0.375
mt1:ElecPerc	0	0.28125
mt1:El.Perc2	0	0.375
mt1:Taiko	0	0.625
mt1:TaikoRim	0	0.3125
mt1:Cymbal	0	0.375
mt1:Cascanet	0	0.3125
mt1:Triangle	0	0.125
mt1:Orch.Hit	0	0.53125
mt1:Telphone	0	0.1875
mt1:Tweet	0	0.25
mt1:1NoteJam	1	0.75
mt1:WaterBel	0	0.1875
mt1:JnglTune	0	0.3125
mt2:BritePno		
mt2:HnkyTonk		
mt2:GrandPno		
mt2:ElPiano1		
mt2:Det.EP 1		
mt2:ElPiano2		
mt2:SteelGtr		
mt2:12StrGtr		
mt2:Funk Gtr		
mt2:MutedGtr		
mt2:SlapBass		
mt2:SlapBas2		
mt2:FngrBass		
mt2:PickBass		
mt2:Fretless		
mt2:Aco.Bass		
mt2:ChoirAah		
mt2:Slow Str		
mt2:Strings		
mt2:Syn.Str3		
mt2:DrawOrgn		
mt2:PercOrgn		
mt2:Trumpet		
mt2:Trombone		
mt2:Alto Sax		
mt2:TenorSax		
mt2:Bari.Sax		
mt2:BrasSect		
mt2:SynBrass		
mt2:Orch.Hit		
gs1:Standard	0	1
gs2:Standrd2	0	1
gs3:Standrd3	0	1
gs4:StdrdL/R	0	1
gs1:Room Kit	0	1
gs3:HipHopKt	0	1
gs3:JungleKt	0	1
gs3:TechnoKt	0	1
gs4:Room L/R	0	1
gs4:HouseKit	0	1
gs1:PowerKit	0	1
gs1:ElectrKt	0	1
gs1:AnalogKt	0	1
gs2:DanceKit	0	1
gs3:CR-78 Kt	0	1
gs3:TR-606Kt	0	1
gs3:TR-707Kt	0	1
gs3:AnalgKt2	0	1
gs1:Jazz Kit	0	1
gs4:Jazz L/R	0	1
gs1:BrushKit	0	1
gs4:BrushKt2	0	1
gs4:Brush2LR	0	1
gs1:Orch.Kit	0	1
gs2:EthnicKt	0	1
gs2:KikSnare	0	1
gs4:KkSnare2	0	1
gs3:AsianKit	0	1
gs3:CymbalKt	0	1
gs4:GamelnKt	0	1
gs4:GamlnKt2	0	1
gs1:SFX Kit	0	1
gs2:RyFX Kit	0	1
gs3:RyFX2 Kt	0	1
gs4:RyFX3 Kt	0	1
gs4:SFX Kt 2	0	1
gs4:VoiceKit	0	1
gs4:CymblKt2	0	1
gs1:MT-32 Kt	0	1
