LSB	PRG	MSB	NME	ELC	LVL	VXP
000	000	049	GrandPno	0	1	gs1:GrandPno
002	000	049	GrandPno	0	2	gs2:GrandPno
003	000	049	GrandPno	0	3	gs3:GrandPno
004	000	049	GrandPno	1	4	gs4:GrandPno
004	000	001	Uprt.Pno		4	gs4:Uprt.Pno
004	000	002	Mild Pno		4	gs4:Mild Pno
000	000	008	Piano 1w		1	gs1:Piano 1w
004	000	008	UprtP. w		4	gs4:UprtP. w
004	000	009	MildP. w		4	gs4:MildP. w
000	000	016	Piano 1d		1	gs1:Piano 1d
003	000	016	EuropePf		3	gs3:EuropePf
003	000	024	PianoStr		3	gs3:PianoStr
004	000	025	Pno+Str2		4	gs4:Pno+Str2
004	000	026	DreamPno		4	gs4:DreamPno
004	000	027	DreamP.2		4	gs4:DreamP.2
000	001	049	BritePno	0	1	gs1:BritePno
002	001	049	BritePno	0	2	gs2:BritePno
003	001	049	BritePno	1	3	gs3:BritePno
004	001	049	BritePno	3	4	gs4:BritePno
004	001	001	PopPiano		4	gs4:PopPiano
004	001	002	Rock Pno		4	gs4:Rock Pno
000	001	008	Piano 2w		1	gs1:Piano 2w
004	001	008	PopPno w		4	gs4:PopPno w
004	001	009	RockP. w		4	gs4:RockP. w
003	001	016	DancePno		3	gs3:DancePno
000	002	049	EGrndPno	0	1	gs1:EGrndPno
002	002	049	EGrndPno	0	2	gs2:EGrndPno
003	002	049	EGrndPno	1	3	gs3:EGrndPno
002	002	001	EGRhode1		2	gs1:EGRhode1
002	002	002	EGRhode2		2	gs1:EGRhode2
000	002	008	Piano 3w		1	gs1:Piano 3w
000	003	049	HnkyTonk	1	1	gs1:HnkyTonk
002	003	049	HnkyTonk	1	2	gs2:HnkyTonk
003	003	049	HnkyTonk	1	3	gs3:HnkyTonk
004	003	049	HnkyTonk	1	4	gs4:HnkyTonk
000	003	008	HnkyTk w		1	gs1:HnkyTk w
002	003	008	Old Uprt		2	gs2:Old Uprt
003	003	008	HnkyTnk2		3	gs3:HnkyTnk2
000	004	049	ElPiano1	0	1	gs1:ElPiano1
002	004	049	ElPiano1	1	2	gs2:ElPiano1
003	004	049	ElPiano1	0	3	gs3:ElPiano1
000	004	008	Det.EP 1		1	gs1:Det.EP 1
002	004	008	StSoftEP		2	gs2:StSoftEP
003	004	009	ChorusEP		3	gs3:ChorusEP
003	004	010	SilntRho		3	gs3:SilntRho
000	004	016	EPiano1v		1	gs1:EPiano1v
002	004	016	FM+SA EP		2	gs2:FM+SA EP
003	004	017	Dst.EPno		3	gs3:Dst.EPno
000	004	024	60sElPno		1	gs1:60sElPno
003	004	024	Wurly EP		3	gs3:Wurly EP
002	004	025	HrdRhode		2	gs2:HrdRhode
002	004	026	MelRhode		2	gs2:MelRhode
000	005	049	ElPiano2	0	1	gs1:ElPiano2
002	005	049	ElPiano2	1	2	gs2:ElPiano2
004	005	001	ElPiano3		4	gs4:ElPiano3
000	005	008	Det.EP 2		1	gs1:Det.EP 2
004	005	009	Det.EP 3		4	gs4:Det.EP 3
004	005	010	DXLegend		4	gs4:DXLegend
000	005	016	ElPno 2v		1	gs1:ElPno 2v
002	005	016	StereoDX		2	gs2:StereoDX
002	005	024	DX Hard 		2	gs2:DX Hard 
004	005	032	DX Phase		4	gs4:DX Phase
000	006	049	Hrpschrd	0	1	gs1:Hrpschrd
002	006	049	Hrpschrd	0	2	gs2:Hrpschrd
004	006	049	Hrpschrd	0	4	gs4:Hrpschrd
003	006	001	Hpschrd2		3	gs3:Hpschrd2
004	006	002	Hpschrd3		4	gs4:Hpschrd3
000	006	008	CplHapsi		1	gs1:CplHapsi
000	006	016	Harpsi.w		1	gs1:Harpsi.w
000	006	024	Harpsi.o		1	gs1:Harpsi.o
003	006	032	SynHapsi		3	gs3:SynHapsi
000	007	049	Clavinet	0	1	gs1:Clavinet
002	007	049	Clavinet	0	2	gs2:Clavinet
004	007	049	Clavinet	0	4	gs4:Clavinet
004	007	001	Clvinet2		4	gs4:Clvinet2
004	007	002	AtkClavi		4	gs4:AtkClavi
004	007	003	AtkClv.2		4	gs4:AtkClv.2
003	007	008	Comp Clv		3	gs3:Comp Clv
003	007	016	Reso Clv		3	gs3:Reso Clv
004	007	017	PhaseClv		4	gs4:PhaseClv
003	007	024	Clavi. o		3	gs3:Clavi. o
003	007	032	AnaClavi		3	gs3:AnaClavi
003	007	033	JP8 Clv1		3	gs3:JP8 Clv1
003	007	035	JP8 Clv2		3	gs3:JP8 Clv2
004	007	036	SyRngClv		4	gs4:SyRngClv
004	007	037	SyDstClv		4	gs4:SyDstClv
004	007	038	JP8k Clv		4	gs4:JP8k Clv
004	007	039	PulseClv		4	gs4:PulseClv
000	008	049	Celesta	0	1	gs1:Celesta
003	008	001	PopCelst		3	gs3:PopCelst
000	009	049	Glocken	0	1	gs1:Glocken
002	009	049	Glocken	0	2	gs2:Glocken
000	010	049	MusicBox	0	1	gs1:MusicBox
002	010	049	MusicBox	0	2	gs2:MusicBox
004	010	049	MusicBox	0	4	gs4:MusicBox
004	010	001	MusicBx2		4	gs4:MusicBx2
004	010	008	St.MusBx		4	gs4:St.MusBx
000	011	049	Vibrafon	0	1	gs1:Vibrafon
002	011	049	Vibrafon	0	2	gs2:Vibrafon
003	011	049	Vibrafon	0	3	gs3:Vibrafon
002	011	001	HardVibr		2	gs2:HardVibr
003	011	001	Pop Vibr		3	gs3:Pop Vibr
000	011	008	Vib. w		1	gs1:Vib. w
003	011	008	Vibra. w		3	gs3:Vibra. w
003	011	009	Vibrafns		1	gs3:Vibrafns
000	012	049	Marimba	0	1	gs1:Marimba
002	012	049	Marimba	0	2	gs2:Marimba
000	012	008	Marmba w		1	gs1:Marmba w
002	012	016	Barafon		2	gs2:Barafon
002	012	017	Barafon2		2	gs2:Barafon2
002	012	024	Log Drum		2	gs2:Log Drum
000	013	049	Xylophon		1	gs1:Xylophon
002	013	049	Xylophon		2	gs2:Xylophon
004	013	008	Xylofn.w		4	gs4:Xylofn.w
000	014	049	TubulBel	0	1	gs1:TubulBel
004	014	049	TubulBel	0	4	gs4:TubulBel
000	014	008	ChrchBel		1	gs1:ChrchBel
000	014	009	Carillon		1	gs1:Carillon
004	014	010	ChchBel2		4	gs4:ChchBel2
004	014	016	TubBel w		4	gs4:TubBel w
000	015	049	Santur	0	1	gs1:Santur
004	015	049	Santur	0	4	gs4:Santur
002	015	001	Santur 2		2	gs2:Santur 2
004	015	002	Santur 3		4	gs4:Santur 3
002	015	008	Cimbalom		2	gs2:Cimbalom
003	015	016	Zither		3	gs3:Zither
003	015	017	Zither 2		3	gs3:Zither 2
003	015	024	Dulcimer		3	gs3:Dulcimer
000	016	049	DrawOrgn	0	1	gs1:DrawOrgn
002	016	049	DrawOrgn	0	2	gs2:DrawOrgn
003	016	049	DrawOrgn	1	3	gs3:DrawOrgn
002	016	001	Organ101		2	gs2:Organ101
004	016	002	FullOrgn		4	gs4:FullOrgn
004	016	003	FullOrg2		4	gs4:FullOrg2
004	016	004	FullOrg3		4	gs4:FullOrg3
004	016	005	FullOrg4		4	gs4:FullOrg4
004	016	006	FullOrg5		4	gs4:FullOrg5
004	016	007	FullOrg6		4	gs4:FullOrg6
000	016	008	DetDrwOr		1	gs1:DetDrwOr
003	016	008	TremDrOr		3	gs3:TremDrOr
002	016	009	Organ109		2	gs2:Organ109
003	016	009	Organ. o		3	gs3:Organ. o
004	016	010	FullOrg7		4	gs4:FullOrg7
004	016	011	FullOrg8		4	gs4:FullOrg8
004	016	012	FullOrg9		4	gs4:FullOrg9
000	016	016	60sDrOrg		1	gs1:60sDrOrg
002	016	017	60sDrOr2		2	gs2:60sDrOr2
002	016	018	60sDrOr3		2	gs2:60sDrOr3
003	016	019	FarfOrgn		3	gs3:FarfOrgn
002	016	024	CheezOrg		2	gs2:CheezOrg
003	016	025	D-50 Org		3	gs3:D-50 Org
003	016	026	JUNO Org		3	gs3:JUNO Org
003	016	027	HybridOr		3	gs3:HybridOr
003	016	028	VS Organ		3	gs3:VS Organ
003	016	029	EChrchOr		3	gs3:EChrchOr
004	016	030	JX-8P Or		4	gs4:JX-8P Or
004	016	031	FM Organ		4	gs4:FM Organ
000	016	032	DrawOrg2		1	gs1:DrawOrg2
003	016	032	70sDrOrg		3	gs3:70sDrOrg
002	016	033	EvenBar		2	gs2:EvenBar
002	016	040	Organ Ba		2	gs2:Organ Ba
003	016	048	5thOrgan		3	gs3:5thOrgan
000	017	049	PercOrgn	0	1	gs1:PercOrgn
002	017	049	PercOrgn	0	2	gs2:PercOrgn
003	017	049	PercOrgn	1	3	gs3:PercOrgn
002	017	001	Organ201		2	gs2:Organ201
003	017	001	JazzOrgn		3	gs3:JazzOrgn
003	017	002	EOrg16+2		3	gs3:EOrg16+2
004	017	003	JazzOrg2		4	gs4:JazzOrg2
004	017	004	JazzOrg3		4	gs4:JazzOrg3
004	017	005	JazzOrg4		4	gs4:JazzOrg4
004	017	006	JazzOrg5		4	gs4:JazzOrg5
004	017	007	JazzOrg6		4	gs4:JazzOrg6
000	017	008	DetPrcOr		1	gs1:DetPrcOr
003	017	008	ChorusOr		3	gs3:ChorusOr
003	017	009	OctaveOr		3	gs3:OctaveOr
000	017	032	PercOrg2		1	gs1:PercOrg2
003	017	032	PercOrg3		3	gs3:PercOrg3
004	017	033	PercOrg4		4	gs4:PercOrg4
004	017	034	PercOrg5		4	gs4:PercOrg5
004	017	035	PercOrg6		4	gs4:PercOrg6
000	018	049	RockOrgn	1	1	gs1:RockOrgn
002	018	008	RotaryOr		2	gs2:RotaryOr
002	018	016	SlwRotar		2	gs2:SlwRotar
003	018	017	RockOrg2		3	gs3:RockOrg2
003	018	018	RockOrg3		3	gs3:RockOrg3
002	018	024	FstRotar		2	gs2:FstRotar
000	019	049	ChrchOrg	0	1	gs1:ChrchOrg
000	019	008	ChurOrg2		1	gs1:ChurOrg2
000	019	016	ChurOrg3		1	gs1:ChurOrg3
002	019	024	OrgFlute		2	gs2:OrgFlute
002	019	032	TrmOrgFl		2	gs2:TrmOrgFl
003	019	033	ThtreOrg		3	gs3:ThtreOrg
000	020	049	ReedOrgn	0	1	gs1:ReedOrgn
003	020	008	WindOrgn		3	gs3:WindOrgn
004	020	016	PuffOrgn		4	gs4:PuffOrgn
000	021	049	Acordion	1	1	gs1:Acordion
002	021	049	Acordion	0	2	gs2:Acordion
003	021	049	Acordion	0	3	gs3:Acordion
000	021	008	AccordIt		1	gs1:AccordIt
003	021	009	DstAcord		3	gs3:DstAcord
003	021	016	ChoAcord		3	gs3:ChoAcord
003	021	024	HrdAcord		3	gs3:HrdAcord
003	021	025	SftAcord		3	gs3:SftAcord
000	022	049	Harmnica	0	1	gs1:Harmnica
002	022	049	Harmnica	0	2	gs2:Harmnica
003	022	049	Harmnica	0	3	gs3:Harmnica
004	022	049	Harmnica	3	4	gs4:Harmnica
002	022	001	Harmo. 2		2	gs2:Harmo. 2
004	022	008	BscBHrmo		4	gs4:BscBHrmo
004	022	009	SplBHrmo		4	gs4:SplBHrmo
000	023	049	Bndoneon	1	1	gs1:Bndoneon
002	023	049	Bndoneon	0	2	gs2:Bndoneon
003	023	049	Bndoneon	1	3	gs3:Bndoneon
003	023	008	Bndneon2		3	gs3:Bndneon2
003	023	016	Bndneon3		3	gs3:Bndneon3
000	024	049	NylonGtr	0	1	gs1:NylonGtr
002	024	049	NylonGtr	0	2	gs2:NylonGtr
003	024	049	NylonGtr	1	3	gs3:NylonGtr
000	024	008	Ukulele		1	gs1:Ukulele
000	024	016	NylnGt.o		1	gs1:NylnGt.o
002	024	024	VelGtHrm		2	gs2:VelGtHrm
000	024	032	NylonGt2		1	gs1:NylonGt2
002	024	040	LequintG		2	gs2:LequintG
000	025	049	SteelGtr	0	1	gs1:SteelGtr
002	025	049	SteelGtr	0	2	gs2:SteelGtr
003	025	049	SteelGtr	0	3	gs3:SteelGtr
000	025	008	12StrGtr		1	gs1:12StrGtr
002	025	009	Nyln&Stl		2	gs2:Nyln&Stl
004	025	010	AtkSteel		4	gs4:AtkSteel
000	025	016	Mandolin		1	gs1:Mandolin
003	025	017	Mandoln2		3	gs3:Mandoln2
003	025	018	MandoTrm		3	gs3:MandoTrm
002	025	032	SteelGt2		2	gs2:SteelGt2
004	025	033	Stl&Body		4	gs4:Stl&Body
000	026	049	Jazz Gtr	0	1	gs1:Jazz Gtr
003	026	049	Jazz Gtr	0	3	gs3:Jazz Gtr
002	026	001	MellowGt		1	gs2:MellowGt
000	026	008	HawaiiGt		1	gs1:HawaiiGt
002	026	008	PedalStl		2	gs2:PedalStl
000	027	049	CleanGtr	0	1	gs1:CleanGtr
002	027	049	CleanGtr	0	2	gs2:CleanGtr
003	027	049	CleanGtr	0	3	gs3:CleanGtr
003	027	001	ClnHalfG		3	gs3:ClnHalfG
003	027	002	OpnHrdGt		3	gs3:OpnHrdGt
003	027	003	OpnHrdG2		3	gs3:OpnHrdG2
003	027	004	JC ClnGt		3	gs3:JC ClnGt
004	027	005	AtkClnGt		4	gs4:AtkClnGt
000	027	008	ChorusGt		1	gs1:ChorusGt
003	027	009	JC ChoGt		3	gs3:JC ChoGt
003	027	016	TCFrntPk		3	gs3:TCFrntPk
003	027	017	TCRearPk		3	gs3:TCRearPk
003	027	018	TC Clean		3	gs3:TC Clean
003	027	019	TC Cln 2		3	gs3:TC Cln 2
004	027	020	LPRearPk		4	gs4:LPRearPk
004	027	021	LPRearP2		4	gs4:LPRearP2
004	027	022	LPRearAt		4	gs4:LPRearAt
004	027	023	MidT.Gtr		4	gs4:MidT.Gtr
004	027	024	ChngRuan		4	gs4:ChngRuan
004	027	025	ChgRuan2		4	gs4:ChgRuan2
000	028	049	MutedGtr	0	1	gs1:MutedGtr
002	028	049	MutedGtr	0	2	gs2:MutedGtr
003	028	049	MutedGtr	0	3	gs3:MutedGtr
002	028	001	Mu.DstGt		2	gs2:Mu.DstGt
003	028	002	TCMuteGt		3	gs3:TCMuteGt
000	028	008	Funk Gtr		1	gs1:Funk Gtr
002	028	008	Funk Pop		2	gs2:Funk Pop
000	028	016	FunkGtr2		1	gs1:FunkGtr2
004	028	024	Jazz Man		4	gs4:Jazz Man
000	029	049	OvrDrvGt	0	1	gs1:OvrDrvGt
002	029	049	OvrDrvGt	0	2	gs2:OvrDrvGt
003	029	049	OvrDrvGt	1	3	gs3:OvrDrvGt
003	029	001	OvrDrGt2		3	gs3:OvrDrGt2
003	029	002	OvrDrGt3		3	gs3:OvrDrGt3
003	029	003	MoDrvGtr		3	gs3:MoDrvGtr
004	029	004	Gt.Pinch		4	gs4:Gt.Pinch
004	029	005	AtkDrvGt		4	gs4:AtkDrvGt
003	029	008	LPOvrDrv		3	gs3:LPOvrDrv
003	029	009	LPOvrDr2		3	gs3:LPOvrDr2
004	029	010	LP HfDrv		4	gs4:LP HfDrv
004	029	011	LPHfDrv2		4	gs4:LPHfDrv2
004	029	012	LPChorus		4	gs4:LPChorus
000	030	049	Dist.Gtr	0	1	gs1:Dist.Gtr
002	030	049	Dist.Gtr	0	2	gs2:Dist.Gtr
003	030	049	Dist.Gtr	1	3	gs3:Dist.Gtr
002	030	001	DistGtr2		2	gs2:DistGtr2
002	030	002	DazedGtr		2	gs2:DazedGtr
003	030	003	DistGtr3		3	gs3:DistGtr3
003	030	004	FstDstGt		3	gs3:FstDstGt
004	030	005	AtkDstGt		4	gs4:AtkDstGt
000	030	008	FeedbkGt		1	gs1:FeedbkGt
002	030	009	FeedbkG2		2	gs2:FeedbkG2
002	030	016	PowerGtr		2	gs2:PowerGtr
002	030	017	PowerGt2		2	gs2:PowerGt2
002	030	018	5thDist.		2	gs2:5thDist.
002	030	024	RockRthm		2	gs2:RockRthm
002	030	025	RckRthm2		2	gs2:RckRthm2
004	030	026	DsRthmGt		4	gs4:DsRthmGt
000	031	049	GtrHarmo	0	1	gs1:GtrHarmo
000	031	008	GtFeedbk		1	gs1:GtFeedbk
003	031	009	GtrFdbk2		3	gs3:GtrFdbk2
002	031	016	AcGtrHmo		2	gs2:AcGtrHmo
003	031	024	ElBaHrmo		3	gs3:ElBaHrmo
000	032	049	Aco.Bass	0	1	gs1:Aco.Bass
002	032	049	Aco.Bass	1	2	gs2:Aco.Bass
003	032	049	Aco.Bass	0	3	gs3:Aco.Bass
004	032	049	Aco.Bass	0	4	gs4:Aco.Bass
003	032	001	Rokabily		3	gs3:Rokabily
003	032	008	WildAcBa		3	gs3:WildAcBa
004	032	009	AtkAcoBa		4	gs4:AtkAcoBa
003	032	016	Bass+OHH		3	gs3:Bass+OHH
000	033	049	FngrBass	0	1	gs1:FngrBass
002	033	049	FngrBass	0	2	gs2:FngrBass
003	033	049	FngrBass	0	3	gs3:FngrBass
002	033	001	FngrBas2		2	gs2:FngrBas2
002	033	002	Jazzy Ba		2	gs2:Jazzy Ba
003	033	003	JazzyBa2		3	gs3:JazzyBa2
003	033	004	RockBass		3	gs3:RockBass
004	033	005	HeartBas		4	gs4:HeartBas
004	033	006	AtkFngr.		4	gs4:AtkFngr.
004	033	007	FngrSlap		4	gs4:FngrSlap
003	033	008	ChorJzBa		3	gs3:ChorJzBa
003	033	016	F.Ba/Hrm		3	gs3:F.Ba/Hrm
000	034	049	PickBass	0	1	gs1:PickBass
002	034	049	PickBass	0	2	gs2:PickBass
003	034	049	PickBass	0	3	gs3:PickBass
003	034	001	PickBas2		3	gs3:PickBas2
003	034	002	PickBas3		3	gs3:PickBas3
003	034	003	PickBas4		3	gs3:PickBas4
004	034	004	DblPikBa		4	gs4:DblPikBa
002	034	008	M.PkBass		2	gs2:M.PkBass
003	034	016	PkBa/Hrm		3	gs3:PkBa/Hrm
000	035	049	Fretless	0	1	gs1:Fretless
002	035	049	Fretless	0	2	gs2:Fretless
002	035	001	Fretles2		2	gs2:Fretles2
002	035	002	Fretles3		2	gs2:Fretles3
002	035	003	Fretles4		2	gs2:Fretles4
002	035	004	SynFretl		2	gs2:SynFretl
002	035	005	SmthFrtl		2	gs2:SmthFrtl
003	035	008	WoodFrtl		3	gs3:WoodFrtl
000	036	049	SlapBass	0	1	gs1:SlapBass
002	036	049	SlapBass	0	2	gs2:SlapBass
003	036	001	Pop Slap		3	gs3:Pop Slap
002	036	008	ResoSlap		2	gs2:ResoSlap
003	036	009	UnisnSlp		3	gs3:UnisnSlp
000	037	049	SlapBas2	0	1	gs1:SlapBas2
002	037	049	SlapBas2	1	2	gs2:SlapBas2
004	037	001	SlpBass3		4	gs4:SlpBass3
003	037	008	FM Slap		3	gs3:FM Slap
000	038	049	SynBass1	0	1	gs1:SynBass1
002	038	049	SynBass1	1	2	gs2:SynBass1
000	038	001	SynBa101		1	gs1:SynBa101
003	038	002	CS Bass		3	gs3:CS Bass
003	038	003	JP-4 Ba		3	gs3:JP-4 Ba
003	038	004	JP-8 Ba		3	gs3:JP-8 Ba
003	038	005	P5 Bass		3	gs3:P5 Bass
003	038	006	JPMG Ba		3	gs3:JPMG Ba
000	038	008	SynBass3		1	gs1:SynBass3
002	038	008	AcidBass		2	gs2:AcidBass
002	038	009	TB303 Ba		2	gs2:TB303 Ba
002	038	010	TechnoBa		2	gs2:TechnoBa
003	038	011	TB303Ba2		3	gs3:TB303Ba2
003	038	012	TB303Kik		3	gs3:TB303Kik
003	038	013	TB303Saw		3	gs3:TB303Saw
003	038	014	Rubbr303		3	gs3:Rubbr303
003	038	015	Reso 303		3	gs3:Reso 303
002	038	016	ResoSHBa		2	gs2:ResoSHBa
003	038	017	303SqrBa		3	gs3:303SqrBa
003	038	018	303DstBa		3	gs3:303DstBa
004	038	019	Clavi.Ba		4	gs4:Clavi.Ba
004	038	020	HammerBa		4	gs4:HammerBa
004	038	021	JungleBa		4	gs4:JungleBa
004	038	022	SquareBa		4	gs4:SquareBa
004	038	023	Sqr.Ba.2		4	gs4:Sqr.Ba.2
003	038	024	ArpgioBa		3	gs3:ArpgioBa
004	038	025	Polak Is		4	gs4:Polak Is
004	038	026	VeryCute		4	gs4:VeryCute
004	038	032	HitSawBa		4	gs4:HitSawBa
004	038	033	RingBass		4	gs4:RingBass
004	038	034	AtkSinBa		4	gs4:AtkSinBa
004	038	035	OBSineBa		4	gs4:OBSineBa
004	038	036	Aux Bass		4	gs4:Aux Bass
004	038	040	303SqDsB		4	gs4:303SqDsB
004	038	041	303SqDB2		4	gs4:303SqDB2
004	038	042	303SqDB3		4	gs4:303SqDB3
004	038	043	303SqBRv		4	gs4:303SqBRv
004	038	044	TeeBee		4	gs4:TeeBee
000	039	049	SynBass2	1	1	gs1:SynBass2
002	039	001	SynBa201		2	gs2:SynBa201
002	039	002	ModulrBs		2	gs2:ModulrBs
002	039	003	Seq.Bass		2	gs2:Seq.Bass
003	039	004	MG Bass		3	gs3:MG Bass
003	039	005	MGOctBas		3	gs3:MGOctBas
003	039	006	MGOctBa2		3	gs3:MGOctBa2
003	039	007	MGBlipBa		3	gs3:MGBlipBa
000	039	008	SynBass4		1	gs1:SynBass4
002	039	008	BeefFMBa		2	gs2:BeefFMBa
002	039	009	X WireBa		2	gs2:X WireBa
003	039	009	Dly Bass		3	gs3:Dly Bass
003	039	010	X WireBa		3	gs3:X WireBa
003	039	011	WreStrBa		3	gs3:WreStrBa
003	039	012	BlipBass		3	gs3:BlipBass
003	039	013	RubbrBa2		3	gs3:RubbrBa2
004	039	014	SynBelBa		4	gs4:SynBelBa
004	039	015	Odd Bass		4	gs4:Odd Bass
000	039	016	RubberBa		1	gs1:RubberBa
002	039	017	SH101Ba1		2	gs2:SH101Ba1
002	039	018	SH101Ba2		2	gs2:SH101Ba2
002	039	019	SmoothBa		2	gs2:SmoothBa
003	039	020	SH101Ba3		3	gs3:SH101Ba3
003	039	021	Spike Ba		3	gs3:Spike Ba
003	039	022	House Ba		3	gs3:House Ba
003	039	023	KG Bass		3	gs3:KG Bass
003	039	024	SyncBass		3	gs3:SyncBass
003	039	025	MG5th Ba		3	gs3:MG5th Ba
003	039	026	RandomBa		3	gs3:RandomBa
003	039	027	WowMG Ba		3	gs3:WowMG Ba
003	039	028	BubbleBa		3	gs3:BubbleBa
004	039	029	AtkPulse		4	gs4:AtkPulse
004	039	030	SyncBas2		4	gs4:SyncBas2
004	039	031	PulseMix		4	gs4:PulseMix
004	039	032	MGDistBa		4	gs4:MGDistBa
004	039	033	SeqBass2		4	gs4:SeqBass2
004	039	034	3rd Bass		4	gs4:3rd Bass
004	039	035	MGOctBas		4	gs4:MGOctBas
004	039	036	SlwEnvBa		4	gs4:SlwEnvBa
004	039	037	MildBass		4	gs4:MildBass
004	039	038	DstEnvBa		4	gs4:DstEnvBa
004	039	039	MGLiteBa		4	gs4:MGLiteBa
004	039	040	DstSynBa		4	gs4:DstSynBa
004	039	041	RiseBass		4	gs4:RiseBass
004	039	042	CyberBas		4	gs4:CyberBas
000	040	049	Violin	0	1	gs1:Violin
002	040	049	Violin	0	2	gs2:Violin
003	040	049	Violin	1	3	gs3:Violin
003	040	001	ViolnAtk		3	gs3:ViolnAtk
000	040	008	SlwVioln		1	gs1:SlwVioln
000	041	049	Viola	0	1	gs1:Viola
002	041	049	Viola	0	2	gs2:Viola
003	041	049	Viola	1	3	gs3:Viola
003	041	001	ViolaAtk		3	gs3:ViolaAtk
000	042	049	Cello		1	gs1:Cello
002	042	049	Cello		2	gs2:Cello
003	042	049	Cello		3	gs3:Cello
003	042	001	CelloAtk		3	gs3:CelloAtk
000	043	049	Contrbas	0	1	gs1:Contrbas
002	043	049	Contrbas	0	2	gs2:Contrbas
003	043	049	Contrbas	0	3	gs3:Contrbas
004	043	049	Contrbas	0	4	gs4:Contrbas
000	044	049	Trem.Str	0	1	gs1:Trem.Str
002	044	049	Trem.Str	0	2	gs2:Trem.Str
004	044	002	TrmStrSt		4	gs4:TrmStrSt
002	044	008	SlwTrStr		2	gs2:SlwTrStr
002	044	009	Susp.Str		2	gs2:Susp.Str
004	044	010	SuspStr2		4	gs4:SuspStr2
000	045	049	Pizz.Str	0	1	gs1:Pizz.Str
002	045	049	Pizz.Str	0	2	gs2:Pizz.Str
003	045	001	VcCbPizz		3	gs3:VcCbPizz
003	045	002	ChmbrPiz		3	gs3:ChmbrPiz
003	045	003	St. Pizz		3	gs3:St. Pizz
003	045	008	SoloPizz		3	gs3:SoloPizz
003	045	016	SoloSpic		3	gs3:SoloSpic
004	045	017	StrsSpic		4	gs4:StrsSpic
000	046	049	Harp	0	1	gs1:Harp
002	046	049	Harp	0	2	gs2:Harp
004	046	001	Harp&Str		4	gs4:Harp&Str
004	046	002	Harp St.		4	gs4:Harp St.
004	046	008	UileanHp		4	gs4:UileanHp
003	046	016	Syn.Harp		3	gs3:Syn.Harp
004	046	024	YangChin		4	gs4:YangChin
004	046	025	YangQin2		4	gs4:YangQin2
004	046	026	SynYanQn		4	gs4:SynYanQn
000	047	049	Timpani	0	1	gs1:Timpani
002	047	049	Timpani	0	2	gs2:Timpani
000	048	049	Strings1	0	1	gs1:Strings1
002	048	049	Strings1	0	2	gs2:Strings1
003	048	049	Strings1	1	3	gs3:Strings1
004	048	049	Strings1	3	4	gs4:Strings1
002	048	001	Slow Str		2	gs2:Slow Str
003	048	001	BriteStr		3	gs3:BriteStr
003	048	002	ChmbrStr		3	gs3:ChmbrStr
003	048	003	CellSect		3	gs3:CellSect
004	048	004	Brt.Str2		4	gs4:Brt.Str2
004	048	005	Brt.Str3		4	gs4:Brt.Str3
004	048	006	Quad Str		4	gs4:Quad Str
004	048	007	Mild Str		4	gs4:Mild Str
000	048	008	Orch.Str		1	gs1:Orch.Str
002	048	009	OrchStr2		2	gs2:OrchStr2
002	048	010	TremOrch		2	gs2:TremOrch
002	048	011	ChoirStr		2	gs2:ChoirStr
003	048	012	Str&FrHr		3	gs3:Str&FrHr
004	048	013	Str+Flut		4	gs4:Str+Flut
004	048	014	ChoirS.2		4	gs4:ChoirS.2
004	048	015	ChoirS.3		4	gs4:ChoirS.3
002	048	016	StStrngs		2	gs2:StStrngs
004	048	017	St.Strs2		4	gs4:St.Strs2
004	048	018	St.Strs3		4	gs4:St.Strs3
004	048	019	OrchStr3		4	gs4:OrchStr3
004	048	020	OrchStr4		4	gs4:OrchStr4
002	048	024	Velo.Str		2	gs2:Velo.Str
003	048	032	OctavStr		3	gs3:OctavStr
003	048	033	OctStr.2		3	gs3:OctStr.2
004	048	034	ContraSc		4	gs4:ContraSc
004	048	040	60s Strs		4	gs4:60s Strs
000	049	049	Strings2	0	1	gs1:Strings2
002	049	049	Strings2	0	2	gs2:Strings2
003	049	049	Strings2	0	3	gs3:Strings2
004	049	049	Strings2	1	4	gs4:Strings2
002	049	001	SlowStr2		2	gs2:SlowStr2
004	049	002	SlowStr3		4	gs4:SlowStr3
002	049	008	LegatoSt		2	gs2:LegatoSt
002	049	009	Warm Str		2	gs2:Warm Str
002	049	010	StSlwStr		2	gs2:StSlwStr
004	049	011	StSlStr2		4	gs4:StSlStr2
004	049	012	StStr+Ch		4	gs4:StStr+Ch
004	049	013	StStrCh2		4	gs4:StStrCh2
000	050	049	Syn.Str1	0	1	gs1:Syn.Str1
002	050	049	Syn.Str1	1	2	gs2:Syn.Str1
003	050	049	Syn.Str1	1	3	gs3:Syn.Str1
002	050	001	OB Str.		2	gs2:OB Str.
003	050	002	StackStr		3	gs3:StackStr
003	050	003	JP Str.		3	gs3:JP Str.
004	050	004	Chor.Str		4	gs4:Chor.Str
000	050	008	Syn.Str3		1	gs1:Syn.Str3
003	050	009	Syn.Str4		3	gs3:Syn.Str4
004	050	010	Syn.Str6		4	gs4:Syn.Str6
004	050	011	Syn.Str7		4	gs4:Syn.Str7
004	050	012	LoFi Str		4	gs4:LoFi Str
003	050	016	High Str		3	gs3:High Str
003	050	017	HybrdStr		3	gs3:HybrdStr
003	050	024	Tron Str		3	gs3:Tron Str
003	050	025	NoizyStr		3	gs3:NoizyStr
000	051	049	Syn.Str2	1	1	gs1:Syn.Str2
003	051	001	Syn.Str5		3	gs3:Syn.Str5
003	051	002	JUNO Str		3	gs3:JUNO Str
004	051	003	FiltOrch		4	gs4:FiltOrch
004	051	004	JPSawStr		4	gs4:JPSawStr
004	051	005	HybrStr2		4	gs4:HybrStr2
004	051	006	Dist.Str		4	gs4:Dist.Str
004	051	007	JUNOFull		4	gs4:JUNOFull
003	051	008	Air Str.		3	gs3:Air Str.
004	051	009	AtkSyStr		4	gs4:AtkSyStr
004	051	010	StraiStr		4	gs4:StraiStr
000	052	049	ChoirAah	0	1	gs1:ChoirAah
002	052	049	ChoirAah	0	2	gs2:ChoirAah
003	052	049	ChoirAah	0	3	gs3:ChoirAah
002	052	008	St.Choir		2	gs2:St.Choir
002	052	009	MltChoir		2	gs2:MltChoir
003	052	010	ChurchCh		3	gs3:ChurchCh
004	052	011	BoyChoir		4	gs4:BoyChoir
004	052	012	BoysCh.2		4	gs4:BoysCh.2
004	052	013	StBoyCh.		4	gs4:StBoyCh.
004	052	014	Rich Ch.		4	gs4:Rich Ch.
003	052	016	ChoirHah		3	gs3:ChoirHah
003	052	024	ChoirLah		3	gs3:ChoirLah
002	052	032	ChoirAh2		2	gs2:ChoirAh2
003	052	033	MaleC.Ah		3	gs3:MaleC.Ah
000	053	049	VoiceOoh	0	1	gs1:VoiceOoh
004	053	049	VoiceOoh	0	4	gs4:VoiceOoh
004	053	001	Chor.Ooh		4	gs4:Chor.Ooh
004	053	002	VoiceOh2		4	gs4:VoiceOh2
004	053	003	ChorOoh2		4	gs4:ChorOoh2
004	053	004	OohsMaj7		4	gs4:OohsMaj7
004	053	005	OohsSus4		4	gs4:OohsSus4
004	053	006	JazzScat		4	gs4:JazzScat
003	053	008	VoiceDah		3	gs3:VoiceDah
004	053	009	JazzyDah		4	gs4:JazzyDah
004	053	010	JazzyBah		4	gs4:JazzyBah
004	053	011	JazzyDow		4	gs4:JazzyDow
004	053	012	JazzThum		4	gs4:JazzThum
004	053	016	Fem. Lah		4	gs4:Fem. Lah
004	053	017	FemChoLa		4	gs4:FemChoLa
004	053	018	Fem. Luh		4	gs4:Fem. Luh
004	053	019	FemChoLu		4	gs4:FemChoLu
004	053	020	Fem. Lan		4	gs4:Fem. Lan
004	053	021	FemChLan		4	gs4:FemChLan
004	053	022	Fem. Aah		4	gs4:Fem. Aah
004	053	023	Fem. Uuh		4	gs4:Fem. Uuh
004	053	024	F.La&Lan		4	gs4:F.La&Lan
004	053	032	Male Wah		4	gs4:Male Wah
004	053	033	MalChoWa		4	gs4:MalChoWa
004	053	034	Male Woh		4	gs4:Male Woh
004	053	035	MalChoWo		4	gs4:MalChoWo
004	053	036	Male Aah		4	gs4:Male Aah
004	053	037	Male Ooh		4	gs4:Male Ooh
004	053	040	Humming		4	gs4:Humming
000	054	049	SynVoice	0	1	gs1:SynVoice
004	054	001	Syn Vox		4	gs4:Syn Vox
004	054	002	SynVox 2		4	gs4:SynVox 2
002	054	008	SyVoice2		2	gs2:SyVoice2
003	054	009	SlntNght		3	gs3:SlntNght
004	054	010	SyVoice3		4	gs4:SyVoice3
003	054	016	VP330		3	gs3:VP330
003	054	017	VnlChoir		3	gs3:VnlChoir
004	054	018	JX8P Vox		4	gs4:JX8P Vox
004	054	019	AnalgVox		4	gs4:AnalgVox
000	055	049	Orch.Hit	1	1	gs1:Orch.Hit
002	055	049	Orch.Hit	1	2	gs2:Orch.Hit
004	055	001	Bass Hit		4	gs4:Bass Hit
004	055	002	6th Hit		4	gs4:6th Hit
004	055	003	Euro Hit		4	gs4:Euro Hit
002	055	008	ImpactHt		2	gs2:ImpactHt
002	055	009	PhillyHt		2	gs2:PhillyHt
002	055	010	DoublHit		2	gs2:DoublHit
003	055	011	Perc.Hit		3	gs3:Perc.Hit
003	055	012	ShockWav		3	gs3:ShockWav
004	055	013	BounceHt		4	gs4:BounceHt
004	055	014	DrillHit		4	gs4:DrillHit
004	055	015	ThrillHt		4	gs4:ThrillHt
002	055	016	LoFiRave		2	gs2:LoFiRave
003	055	017	TechnoHt		3	gs3:TechnoHt
003	055	018	Dist.Hit		3	gs3:Dist.Hit
003	055	019	Bam Hit		3	gs3:Bam Hit
003	055	020	Bit Hit		3	gs3:Bit Hit
003	055	021	Bim Hit		3	gs3:Bim Hit
003	055	022	Tkng Hit		3	gs3:Tkng Hit
003	055	023	Rave Hit		3	gs3:Rave Hit
003	055	024	Str. Hit		3	gs3:Str. Hit
003	055	025	StackHit		3	gs3:StackHit
004	055	026	Indus.Ht		4	gs4:Indus.Ht
004	055	027	Clap Hit		4	gs4:Clap Hit
000	056	049	Trumpet	0	1	gs1:Trumpet
002	056	049	Trumpet	0	2	gs2:Trumpet
003	056	049	Trumpet	0	3	gs3:Trumpet
004	056	049	Trumpet	0	4	gs4:Trumpet
002	056	001	Trumpet2		2	gs2:Trumpet2
003	056	002	Trumpet3		3	gs3:Trumpet3
004	056	003	Dark Trp		4	gs4:Dark Trp
004	056	004	Trp&Noiz		4	gs4:Trp&Noiz
002	056	008	FlugelHr		2	gs2:FlugelHr
003	056	016	4th Trp		3	gs3:4th Trp
002	056	024	BriteTrp		2	gs2:BriteTrp
002	056	025	Warm Trp		2	gs2:Warm Trp
004	056	026	WarmTrp2		4	gs4:WarmTrp2
004	056	027	Twin Trp		4	gs4:Twin Trp
003	056	032	Syn Trp		3	gs3:Syn Trp
000	057	049	Trombone	0	1	gs1:Trombone
002	057	049	Trombone	0	2	gs2:Trombone
003	057	049	Trombone	0	3	gs3:Trombone
004	057	049	Trombone	0	4	gs4:Trombone
000	057	001	Trombon2		1	gs1:Trombon2
003	057	002	Twinbone		3	gs3:Twinbone
004	057	003	Trom&Tba		4	gs4:Trom&Tba
004	057	004	BrtTromb		4	gs4:BrtTromb
003	057	008	BassTrom		3	gs3:BassTrom
004	057	016	Eufonium		4	gs4:Eufonium
000	058	049	Tuba	0	1	gs1:Tuba
002	058	049	Tuba	0	2	gs2:Tuba
002	058	001	Tuba 2		2	gs2:Tuba 2
004	058	004	Tuba+Hrn		4	gs4:Tuba+Hrn
000	059	049	MutedTrp	0	1	gs1:MutedTrp
002	059	049	MutedTrp	0	2	gs2:MutedTrp
004	059	001	CMuteTrp		4	gs4:CMuteTrp
004	059	002	MuteTrp2		4	gs4:MuteTrp2
004	059	003	MuteTrp3		4	gs4:MuteTrp3
003	059	008	MutedHrn		3	gs3:MutedHrn
000	060	049	FrchHorn	1	1	gs1:FrchHorn
002	060	049	FrchHorn	0	2	gs2:FrchHorn
000	060	001	FrHorn 2		1	gs1:FrHorn 2
003	060	002	Hrn+Orch		3	gs3:Hrn+Orch
003	060	003	WideFrHr		3	gs3:WideFrHr
002	060	008	FrHrSolo		2	gs2:FrHrSolo
003	060	008	SlwFrHrn		3	gs3:SlwFrHrn
003	060	009	DualFrHr		3	gs3:DualFrHr
002	060	016	HornOrch		2	gs2:HornOrch
003	060	016	Syn.Horn		3	gs3:Syn.Horn
003	060	024	RipFrHrn		3	gs3:RipFrHrn
000	061	049	BrasSect	0	1	gs1:BrasSect
003	061	049	BrasSect	1	3	gs3:BrasSect
003	061	001	Brass ff		3	gs3:Brass ff
003	061	002	BoneSect		3	gs3:BoneSect
004	061	003	StBrs ff		4	gs4:StBrs ff
004	061	004	QuadBras		4	gs4:QuadBras
004	061	005	QuadBrs2		4	gs4:QuadBrs2
000	061	008	BrsSect2		1	gs1:BrsSect2
003	061	009	BrsSect3		3	gs3:BrsSect3
003	061	010	SforzBrs		3	gs3:SforzBrs
004	061	012	SfzBras2		4	gs4:SfzBras2
004	061	014	PopBrass		4	gs4:PopBrass
002	061	016	BrasFall		2	gs2:BrasFall
003	061	017	Trp Fall		3	gs3:Trp Fall
003	061	024	OctBrass		3	gs3:OctBrass
003	061	025	Brs+Reed		3	gs3:Brs+Reed
004	061	026	Fat+Reed		4	gs4:Fat+Reed
004	061	032	OrchBras		4	gs4:OrchBras
004	061	033	OrchBrs2		4	gs4:OrchBrs2
004	061	035	StPopBrs		4	gs4:StPopBrs
004	061	036	StOrchBr		4	gs4:StOrchBr
004	061	037	StOrBrs2		4	gs4:StOrBrs2
004	061	038	StOrBrs3		4	gs4:StOrBrs3
000	062	049	SynBras1	1	1	gs1:SynBras1
002	062	049	SynBras1	1	2	gs2:SynBras1
003	062	049	SynBras1	1	3	gs3:SynBras1
002	062	001	PolyBras		2	gs2:PolyBras
003	062	001	JUNO Brs		3	gs3:JUNO Brs
003	062	002	StackBrs		3	gs3:StackBrs
003	062	003	SH-5 Brs		3	gs3:SH-5 Brs
003	062	004	MKS Bras		3	gs3:MKS Bras
004	062	005	JumpBras		4	gs4:JumpBras
000	062	008	SynBras3		1	gs1:SynBras3
003	062	008	ProBrass		3	gs3:ProBrass
002	062	009	QuackBrs		2	gs2:QuackBrs
003	062	009	P5 Brass		3	gs3:P5 Brass
004	062	010	OrchSyBr		4	gs4:OrchSyBr
000	062	016	AnalgBrs		1	gs1:AnalgBrs
002	062	016	Octa.Brs		2	gs2:Octa.Brs
003	062	016	OctSynBr		3	gs3:OctSynBr
003	062	017	HybridBr		3	gs3:HybridBr
004	062	018	OctSyBr2		4	gs4:OctSyBr2
004	062	019	BPF Bras		4	gs4:BPF Bras
000	063	049	SynBras2	1	1	gs1:SynBras2
003	063	049	SynBras2	1	3	gs3:SynBras2
002	063	001	SoftBras		2	gs2:SoftBras
003	063	002	WarmBras		3	gs3:WarmBras
004	063	003	SynBras3		4	gs4:SynBras3
004	063	004	SyncBras		4	gs4:SyncBras
004	063	005	FatSncBr		4	gs4:FatSncBr
004	063	006	DeepSyBr		4	gs4:DeepSyBr
000	063	008	SynBras4		1	gs1:SynBras4
003	063	008	SynSfzBr		3	gs3:SynSfzBr
003	063	009	OB Brass		3	gs3:OB Brass
003	063	010	RezBrass		3	gs3:RezBrass
004	063	011	DstSqrBr		4	gs4:DstSqrBr
004	063	012	JP8kSwBr		4	gs4:JP8kSwBr
000	063	016	Ana.Brs2		1	gs1:Ana.Brs2
002	063	016	VeloBras		2	gs2:VeloBras
002	063	017	VeloBrs2		2	gs2:VeloBrs2
003	063	017	TransBrs		3	gs3:TransBrs
000	064	049	SprnoSax	0	1	gs1:SprnoSax
002	064	049	SprnoSax	0	2	gs2:SprnoSax
003	064	049	SprnoSax	0	3	gs3:SprnoSax
003	064	008	ExpSprno		1	gs3:ExpSprno
000	065	049	Alto Sax	0	1	gs1:Alto Sax
002	065	049	Alto Sax	0	2	gs2:Alto Sax
003	065	049	Alto Sax	0	3	gs3:Alto Sax
002	065	008	HyprAlto		2	gs2:HyprAlto
003	065	008	Exp.Alto		3	gs3:Exp.Alto
003	065	009	Grow Sax		3	gs3:Grow Sax
003	065	016	Alto+Trp		3	gs3:Alto+Trp
004	065	017	Sax Sect		4	gs4:Sax Sect
000	066	049	TenorSax	0	1	gs1:TenorSax
002	066	049	TenorSax	1	2	gs2:TenorSax
003	066	049	TenorSax	1	3	gs3:TenorSax
003	066	001	TenrSax2		3	gs3:TenrSax2
002	066	008	BrthTnSx		2	gs2:BrthTnSx
003	066	009	St.TnrSx		3	gs3:St.TnrSx
000	067	049	Bari.Sax	0	1	gs1:Bari.Sax
002	067	049	Bari.Sax	0	2	gs2:Bari.Sax
003	067	049	Bari.Sax	1	3	gs3:Bari.Sax
003	067	001	BariSax2		3	gs3:BariSax2
004	067	008	Bari&Tnr		4	gs4:Bari&Tnr
000	068	049	Oboe	0	1	gs1:Oboe
002	068	049	Oboe	0	2	gs2:Oboe
003	068	049	Oboe	0	3	gs3:Oboe
004	068	049	Oboe	0	4	gs4:Oboe
003	068	008	Exp.Oboe		3	gs3:Exp.Oboe
003	068	016	Mul.Reed		3	gs3:Mul.Reed
000	069	049	Eng.Horn	0	1	gs1:Eng.Horn
002	069	049	Eng.Horn	0	2	gs2:Eng.Horn
000	070	049	Bassoon	0	1	gs1:Bassoon
002	070	049	Bassoon	0	2	gs2:Bassoon
000	071	049	Clarinet	0	1	gs1:Clarinet
002	071	049	Clarinet	0	2	gs2:Clarinet
002	071	008	BsClari.		2	gs2:BsClari.
003	071	016	MultiWnd		3	gs3:MultiWnd
004	071	017	QuadWind		4	gs4:QuadWind
000	072	049	Piccolo	0	1	gs1:Piccolo
002	072	049	Piccolo	0	2	gs2:Piccolo
003	072	001	Piccolo2		3	gs3:Piccolo2
003	072	008	Nay		3	gs3:Nay
003	072	009	NayTrem.		3	gs3:NayTrem.
003	072	016	Di Zi		3	gs3:Di Zi
000	073	049	Flute	0	1	gs1:Flute
002	073	049	Flute	0	2	gs2:Flute
003	073	001	Flute 2		3	gs3:Flute 2
003	073	002	ExpFlute		3	gs3:ExpFlute
003	073	003	TrvFlute		3	gs3:TrvFlute
003	073	008	FluteVln		3	gs3:FluteVln
004	073	009	PipeReed		4	gs4:PipeReed
003	073	016	TrnFlute		3	gs3:TrnFlute
004	073	017	IndiaFlu		4	gs4:IndiaFlu
000	074	049	Recorder	0	1	gs1:Recorder
000	075	049	PanFlute	0	1	gs1:PanFlute
002	075	049	PanFlute	1	2	gs2:PanFlute
002	075	008	Kawala		2	gs2:Kawala
003	075	016	Zampona		3	gs3:Zampona
003	075	017	ZmpnaAtk		3	gs3:ZmpnaAtk
004	075	024	TinWhist		4	gs4:TinWhist
004	075	025	TinWhsNm		4	gs4:TinWhsNm
004	075	026	TinWhsOr		4	gs4:TinWhsOr
000	076	049	BotlBlow	1	1	gs1:BotlBlow
002	076	049	BotlBlow	1	2	gs2:BotlBlow
000	077	049	Shakhchi	1	1	gs1:Shakhchi
003	077	001	Di Zi 2		3	gs3:Di Zi 2
000	078	049	Whistle	0	1	gs1:Whistle
003	078	001	Whistle2		3	gs3:Whistle2
000	079	049	Ocarina	0	1	gs1:Ocarina
000	080	049	SquareLd	1	1	gs1:SquareLd
003	080	049	SquareLd	1	3	gs3:SquareLd
000	080	001	SquareWv		1	gs1:SquareWv
003	080	001	MGSquare		3	gs3:MGSquare
002	080	002	HolwMini		2	gs2:HolwMini
002	080	003	MellowFM		2	gs2:MellowFM
002	080	004	CC Solo		2	gs2:CC Solo
002	080	005	Shmoog		2	gs2:Shmoog
002	080	006	LMSquare		2	gs2:LMSquare
004	080	007	JP8k TWM		4	gs4:JP8k TWM
000	080	008	SineWave		1	gs1:SineWave
003	080	008	2600Sine		3	gs3:2600Sine
003	080	009	SineLead		3	gs3:SineLead
003	080	010	KG Lead		3	gs3:KG Lead
004	080	011	TwinSine		4	gs4:TwinSine
003	080	016	P5Square		3	gs3:P5Square
003	080	017	OBSquare		3	gs3:OBSquare
003	080	018	JP-8 Sqr		3	gs3:JP-8 Sqr
004	080	019	DsSquare		4	gs4:DsSquare
004	080	020	303SqrDs		4	gs4:303SqrDs
004	080	021	303SqDs2		4	gs4:303SqDs2
004	080	022	303MixSq		4	gs4:303MixSq
004	080	023	2Sqr&Saw		4	gs4:2Sqr&Saw
003	080	024	Pulse Ld		3	gs3:Pulse Ld
003	080	025	JP8Pulse		3	gs3:JP8Pulse
003	080	026	JP8Puls2		3	gs3:JP8Puls2
003	080	027	MGRezPls		3	gs3:MGRezPls
004	080	028	JP8Puls3		4	gs4:JP8Puls3
004	080	029	260 Ring		4	gs4:260 Ring
004	080	030	303DstLd		4	gs4:303DstLd
004	080	031	JP8kDsLd		4	gs4:JP8kDsLd
004	080	032	HipHopSi		4	gs4:HipHopSi
004	080	033	HipHopSq		4	gs4:HipHopSq
004	080	034	HipHopPu		4	gs4:HipHopPu
004	080	035	FluxPuls		4	gs4:FluxPuls
000	081	049	Saw Lead	1	1	gs1:Saw Lead
003	081	049	Saw Lead	1	3	gs3:Saw Lead
000	081	001	Saw Wave		1	gs1:Saw Wave
003	081	001	OB2 Saw		3	gs3:OB2 Saw
002	081	002	PulseSaw		2	gs2:PulseSaw
002	081	003	FelineGR		2	gs2:FelineGR
002	081	004	Big Lead		2	gs2:Big Lead
002	081	005	VeloLead		2	gs2:VeloLead
002	081	006	GR-300		2	gs2:GR-300
002	081	007	LA Saw		2	gs2:LA Saw
000	081	008	Dr. Lead		1	gs1:Dr. Lead
003	081	009	ThickSaw		3	gs3:ThickSaw
004	081	010	JP8k Saw		4	gs4:JP8k Saw
003	081	011	D-50 Fat		3	gs3:D-50 Fat
004	081	012	OBDblSaw		4	gs4:OBDblSaw
004	081	013	JPDblSaw		4	gs4:JPDblSaw
004	081	014	ThickSw2		4	gs4:ThickSw2
004	081	015	SuperSaw		4	gs4:SuperSaw
002	081	016	WaspySyn		2	gs2:WaspySyn
003	081	017	PM Lead		3	gs3:PM Lead
003	081	018	CS SawLd		3	gs3:CS SawLd
003	081	024	MG Saw		3	gs3:MG Saw
003	081	025	MG Saw 2		3	gs3:MG Saw 2
003	081	026	OB Saw		3	gs3:OB Saw
003	081	027	OB Saw 2		3	gs3:OB Saw 2
003	081	028	D-50 Saw		3	gs3:D-50 Saw
003	081	029	SH101Saw		3	gs3:SH101Saw
003	081	030	CS Saw		3	gs3:CS Saw
003	081	031	MG SawLd		3	gs3:MG SawLd
003	081	032	OB SawLd		3	gs3:OB SawLd
003	081	033	P5 SawLd		3	gs3:P5 SawLd
003	081	034	MGUnison		3	gs3:MGUnison
003	081	035	OctSawLd		3	gs3:OctSawLd
004	081	036	NtrlLead		4	gs4:NtrlLead
003	081	040	Seq.Saw.		3	gs3:Seq.Saw.
003	081	041	Seq.Saw2		3	gs3:Seq.Saw2
003	081	042	Reso Saw		3	gs3:Reso Saw
003	081	043	CheezSaw		3	gs3:CheezSaw
003	081	044	ChzSaw 2		3	gs3:ChzSaw 2
003	081	045	Rthm Saw		3	gs3:Rthm Saw
004	081	046	SeqAna.3		4	gs4:SeqAna.3
004	081	047	TeknoSaw		4	gs4:TeknoSaw
000	082	049	CaliopLd	1	1	gs1:CaliopLd
002	082	001	VentLead		2	gs2:VentLead
002	082	002	Pure Pan		2	gs2:Pure Pan
000	083	049	Chiff Ld	1	1	gs1:Chiff Ld
003	083	001	TB Lead		3	gs3:TB Lead
004	083	002	HybridLd		4	gs4:HybridLd
004	083	003	UnisnSqr		4	gs4:UnisnSqr
004	083	004	FtSoloLd		4	gs4:FtSoloLd
004	083	005	Force.Ld		4	gs4:Force.Ld
004	083	006	OctUnisn		4	gs4:OctUnisn
004	083	007	UnisnSaw		4	gs4:UnisnSaw
003	083	008	Mad Lead		3	gs3:Mad Lead
004	083	009	Crowd.Ld		4	gs4:Crowd.Ld
004	083	010	DblSqrLd		4	gs4:DblSqrLd
000	084	049	CharanLd	1	1	gs1:CharanLd
004	084	001	WireLead		4	gs4:WireLead
004	084	002	FBCharan		4	gs4:FBCharan
004	084	003	FatGR Ld		4	gs4:FatGR Ld
004	084	004	Windy GR		4	gs4:Windy GR
004	084	005	MellowGR		4	gs4:MellowGR
004	084	006	GR&Pulse		4	gs4:GR&Pulse
002	084	008	DistLead		2	gs2:DistLead
003	084	009	Acid Gtr		3	gs3:Acid Gtr
003	084	010	AcidGtr2		3	gs3:AcidGtr2
004	084	011	DanceDGt		4	gs4:DanceDGt
004	084	012	DanceDG2		4	gs4:DanceDG2
003	084	016	P5Snc.Ld		3	gs3:P5Snc.Ld
003	084	017	FatSncLd		3	gs3:FatSncLd
003	084	018	RockLead		3	gs3:RockLead
003	084	019	5thDcySn		3	gs3:5thDcySn
003	084	020	DirtySnc		3	gs3:DirtySnc
004	084	021	DualSync		4	gs4:DualSync
004	084	022	LA Brass		4	gs4:LA Brass
003	084	024	JUNOSbOs		3	gs3:JUNOSbOs
004	084	025	2600SbOs		4	gs4:2600SbOs
004	084	026	JP8kFdOs		4	gs4:JP8kFdOs
000	085	049	Voice Ld	1	1	gs1:Voice Ld
004	085	001	VoiceLd2		4	gs4:VoiceLd2
003	085	008	Vox Lead		3	gs3:Vox Lead
003	085	009	LFO Vox		3	gs3:LFO Vox
004	085	010	VoxLead2		4	gs4:VoxLead2
000	086	049	Fifth Ld	1	1	gs1:Fifth Ld
002	086	001	Big Five		2	gs2:Big Five
003	086	002	5th Lead		3	gs3:5th Lead
003	086	003	5thAnClv		3	gs3:5thAnClv
004	086	004	5thPulse		4	gs4:5thPulse
004	086	005	JP5thSaw		4	gs4:JP5thSaw
004	086	006	JP8k 5FB		4	gs4:JP8k 5FB
003	086	008	4th Lead		3	gs3:4th Lead
000	087	049	Bass&Ld	1	1	gs1:Bass&Ld
002	087	001	Big&Raw		2	gs2:Big&Raw
002	087	002	Fat&Prky		2	gs2:Fat&Prky
003	087	003	JUNORave		3	gs3:JUNORave
003	087	004	JP8BaLd1		3	gs3:JP8BaLd1
003	087	005	JP8BaLd2		3	gs3:JP8BaLd2
003	087	006	SH-5BaLd		3	gs3:SH-5BaLd
004	087	007	Delay.Ld		4	gs4:Delay.Ld
000	088	049	Fantasia	1	1	gs1:Fantasia
002	088	001	Fantasy2		2	gs2:Fantasy2
003	088	002	NewAgePd		3	gs3:NewAgePd
003	088	003	BelHeavn		3	gs3:BelHeavn
004	088	004	Fantasy3		4	gs4:Fantasy3
004	088	005	Fantasy4		4	gs4:Fantasy4
004	088	006	After D!		4	gs4:After D!
004	088	007	260HrmPd		4	gs4:260HrmPd
000	089	049	Warm Pad	0	1	gs1:Warm Pad
002	089	001	ThickPad		2	gs2:ThickPad
003	089	001	ThickMtx		3	gs3:ThickMtx
002	089	002	Horn Pad		2	gs2:Horn Pad
002	089	003	RotarStr		2	gs2:RotarStr
002	089	004	Soft Pad		2	gs2:Soft Pad
003	089	004	OBSoftPd		3	gs3:OBSoftPd
004	089	005	Sine Pad		4	gs4:Sine Pad
004	089	006	OBSftPd2		4	gs4:OBSftPd2
003	089	008	OctavePd		3	gs3:OctavePd
003	089	009	StackPad		3	gs3:StackPad
004	089	010	HumanPad		4	gs4:HumanPad
004	089	011	SyncBrPd		4	gs4:SyncBrPd
004	089	012	OctPWMPd		4	gs4:OctPWMPd
004	089	013	JPSoftPd		4	gs4:JPSoftPd
000	090	049	PolySyPd	1	1	gs1:PolySyPd
002	090	001	80sPlySy		2	gs2:80sPlySy
003	090	002	PlySyPd2		3	gs3:PlySyPd2
003	090	003	PolyKing		3	gs3:PolyKing
004	090	004	SuprPoly		4	gs4:SuprPoly
003	090	008	PwrStack		3	gs3:PwrStack
003	090	009	OctStack		3	gs3:OctStack
003	090	010	RezStack		3	gs3:RezStack
003	090	011	TekStack		3	gs3:TekStack
004	090	012	PulseStk		4	gs4:PulseStk
004	090	013	TwnOctRv		4	gs4:TwnOctRv
004	090	014	Oct.Rave		4	gs4:Oct.Rave
004	090	015	HappySyn		4	gs4:HappySyn
004	090	016	FwdSweep		4	gs4:FwdSweep
004	090	017	RevSweep		4	gs4:RevSweep
004	090	024	MinorRav		4	gs4:MinorRav
000	091	049	ChoirPad	1	1	gs1:ChoirPad
002	091	001	Heaven		2	gs2:Heaven
003	091	002	SCHeaven		3	gs3:SCHeaven
004	091	003	Itopia		4	gs4:Itopia
004	091	004	WaterSpa		4	gs4:WaterSpa
004	091	005	Cold Spa		4	gs4:Cold Spa
004	091	006	NzPeaker		4	gs4:NzPeaker
004	091	007	BambooHt		4	gs4:BambooHt
003	091	008	CosmicVx		3	gs3:CosmicVx
003	091	009	Auh Vox		3	gs3:Auh Vox
003	091	010	Auh Auh		3	gs3:Auh Auh
003	091	011	Vocorder		3	gs3:Vocorder
004	091	012	Holy Vox		4	gs4:Holy Vox
000	092	049	BowedPad	1	1	gs1:BowedPad
003	092	001	SftBelPd		3	gs3:SftBelPd
003	092	002	JP8SqrPd		3	gs3:JP8SqrPd
003	092	003	7thBelPd		3	gs3:7thBelPd
004	092	004	SteelGls		4	gs4:SteelGls
004	092	005	BotlStak		4	gs4:BotlStak
000	093	049	MetalPad	1	1	gs1:MetalPad
002	093	001	Tine Pad		2	gs2:Tine Pad
002	092	002	PannerPd		2	gs2:PannerPd
004	092	003	SteelPad		4	gs4:SteelPad
004	092	004	Spe.Rave		4	gs4:Spe.Rave
004	092	005	MetalPd2		4	gs4:MetalPd2
000	094	049	Halo Pad	1	1	gs1:Halo Pad
003	094	001	VoicePad		3	gs3:VoicePad
003	094	002	VoxSweep		3	gs3:VoxSweep
003	094	008	HorrorPd		3	gs3:HorrorPd
004	094	009	SynVoxPd		4	gs4:SynVoxPd
004	094	010	SynVxPd2		4	gs4:SynVxPd2
004	094	011	BrthRise		4	gs4:BrthRise
004	094	012	TearsVox		4	gs4:TearsVox
000	095	049	SweepPad	0	1	gs1:SweepPad
002	095	001	PolarPad		2	gs2:PolarPad
004	095	002	Ambi.BPF		4	gs4:Ambi.BPF
004	095	003	Sync Pad		4	gs4:Sync Pad
004	095	004	Warriors		4	gs4:Warriors
002	095	008	Converge		2	gs2:Converge
002	095	009	Shwimmer		2	gs2:Shwimmer
002	095	010	Celstial		2	gs2:Celstial
003	095	011	BagSweep		3	gs3:BagSweep
004	095	012	Swp.Pipe		4	gs4:Swp.Pipe
004	095	013	SwpStack		4	gs4:SwpStack
004	095	014	Deep Swp		4	gs4:Deep Swp
004	095	015	StrayPad		4	gs4:StrayPad
000	096	049	Ice Rain	1	1	gs1:Ice Rain
000	096	001	HrmoRain		1	gs1:HrmoRain
000	096	002	AfrcWind		1	gs1:AfrcWind
003	096	003	AnklngPd		3	gs3:AnklngPd
003	096	004	RattlePd		3	gs3:RattlePd
000	096	008	ClaviPad		1	gs1:ClaviPad
000	097	049	SoundTrk	1	1	gs1:SoundTrk
000	097	001	Ancestrl		1	gs1:Ancestrl
000	097	002	Prologue		1	gs1:Prologue
003	097	003	Prolog 2		3	gs3:Prolog 2
003	097	004	Hols Str		3	gs3:Hols Str
000	097	008	Rave		1	gs1:Rave
000	098	049	Crystal	1	1	gs1:Crystal
000	098	001	SynMalet		1	gs1:SynMalet
000	098	002	SftCryst		1	gs1:SftCryst
000	098	003	RndGlock		1	gs1:RndGlock
000	098	004	LoudGlok		1	gs1:LoudGlok
000	098	005	GlockChi		1	gs1:GlockChi
000	098	006	ClearBel		1	gs1:ClearBel
000	098	007	XmasBell		1	gs1:XmasBell
000	098	008	VibraBel		1	gs1:VibraBel
000	098	009	DigiBell		1	gs1:DigiBell
003	098	010	MusicBel		3	gs3:MusicBel
003	098	011	AnalgBel		3	gs3:AnalgBel
000	098	016	ChorlBel		1	gs1:ChorlBel
000	098	017	AirBells		1	gs1:AirBells
000	098	018	BellHarp		1	gs1:BellHarp
000	098	019	Gamelmba		1	gs1:Gamelmba
003	098	020	JUNO Bel		3	gs3:JUNO Bel
000	099	049	Atmosphr	1	1	gs1:Atmosphr
000	099	001	WarmAtms		1	gs1:WarmAtms
000	099	002	NylnHarp		1	gs1:NylnHarp
000	099	003	Harp Vox		1	gs1:Harp Vox
000	099	004	Holw.Rlz		1	gs1:Holw.Rlz
000	099	005	NlnRhode		1	gs1:NlnRhode
000	099	006	Ambient		1	gs1:Ambient
003	099	007	Invisibl		3	gs3:Invisibl
003	099	008	PulseKey		3	gs3:PulseKey
003	099	009	NoisePno		3	gs3:NoisePno
000	100	049	Bright	1	1	gs1:Bright
003	100	001	ShneStar		3	gs3:ShneStar
003	100	002	OB Stab		3	gs3:OB Stab
003	100	008	Org Bell		3	gs3:Org Bell
000	101	049	Goblins	1	1	gs1:Goblins
000	101	001	GobSynth		1	gs1:GobSynth
000	101	002	50sSciFi		1	gs1:50sSciFi
003	101	003	Abduct		3	gs3:Abduct
003	101	004	Auhbient		3	gs3:Auhbient
003	101	005	LFO Pad		3	gs3:LFO Pad
003	101	006	RandmStr		3	gs3:RandmStr
003	101	007	RandomPd		3	gs3:RandomPd
003	101	008	Low Bird		3	gs3:Low Bird
003	101	009	FallDown		3	gs3:FallDown
003	101	010	LFO Rave		3	gs3:LFO Rave
003	101	011	LFO Horr		3	gs3:LFO Horr
003	101	012	LFO Tech		3	gs3:LFO Tech
003	101	013	Altrnate		3	gs3:Altrnate
003	101	014	UFO FX		3	gs3:UFO FX
003	101	015	GarglMan		3	gs3:GarglMan
003	101	016	Sweep FX		3	gs3:Sweep FX
000	102	049	Echoes	0	1	gs1:Echoes
000	102	001	EchoBell		1	gs1:EchoBell
000	102	002	Echo Pan		1	gs1:Echo Pan
000	102	003	EchoPan2		1	gs1:EchoPan2
000	102	004	Big Pan		1	gs1:Big Pan
000	102	005	Reso Pan		1	gs1:Reso Pan
000	102	006	WaterPno		1	gs1:WaterPno
003	102	008	Pan Seq.		3	gs3:Pan Seq.
003	102	009	Aqua		3	gs3:Aqua
000	103	049	StarThme	1	1	gs1:StarThme
000	103	001	StarThm2		1	gs1:StarThm2
003	103	008	DreamPad		3	gs3:DreamPad
003	103	009	SilkyPad		3	gs3:SilkyPad
003	103	016	NewCntry		3	gs3:NewCntry
003	103	017	7thAtmos		3	gs3:7thAtmos
003	103	018	GalaxyWy		3	gs3:GalaxyWy
000	104	049	Sitar	0	1	gs1:Sitar
004	104	049	Sitar	0	4	gs4:Sitar
000	104	001	Sitar 2		1	gs1:Sitar 2
002	104	002	DetSitar		2	gs2:DetSitar
003	104	003	Sitar 3		3	gs3:Sitar 3
004	104	004	SitarDrn		4	gs4:SitarDrn
004	104	005	Sitar 4		4	gs4:Sitar 4
002	104	008	Tambra		2	gs2:Tambra
002	104	016	Tamboura		2	gs2:Tamboura
000	105	049	Banjo	0	1	gs1:Banjo
002	105	049	Banjo	0	2	gs2:Banjo
002	105	001	MuteBnjo		2	gs2:MuteBnjo
002	105	008	Rabab		2	gs2:Rabab
003	105	009	San Xian		3	gs3:San Xian
002	105	016	Gopichnt		2	gs2:Gopichnt
002	105	024	Oud		2	gs2:Oud
003	105	028	Oud&Str		3	gs3:Oud&Str
003	105	032	Pi Pa		3	gs3:Pi Pa
000	106	049	Shamisen	0	1	gs1:Shamisen
002	106	001	Tsugaru		2	gs2:Tsugaru
003	106	008	SynShami		3	gs3:SynShami
000	107	049	Koto	0	1	gs1:Koto
003	107	049	Koto	0	3	gs3:Koto
003	107	001	Gu Zheng		3	gs3:Gu Zheng
000	107	008	Taisho		1	gs1:Taisho
002	107	016	Kanoon		2	gs2:Kanoon
003	107	019	Kann&Chr		3	gs3:Kann&Chr
003	107	024	Oct Harp		3	gs3:Oct Harp
000	108	049	Kalimba	0	1	gs1:Kalimba
002	108	049	Kalimba	0	2	gs2:Kalimba
003	108	049	Kalimba	0	3	gs3:Kalimba
003	108	008	Sanza		3	gs3:Sanza
004	108	009	Bodhran		4	gs4:Bodhran
004	108	010	MuteBodh		4	gs4:MuteBodh
000	109	049	Bagpipe	0	1	gs1:Bagpipe
003	109	008	Didgrdoo		3	gs3:Didgrdoo
004	109	009	UillPipe		4	gs4:UillPipe
004	109	010	UillPpNm		4	gs4:UillPpNm
004	109	011	UillPpOr		4	gs4:UillPpOr
000	110	049	Fiddle	0	1	gs1:Fiddle
003	110	008	Er Hu		3	gs3:Er Hu
003	110	009	Gao Hu		3	gs3:Gao Hu
000	111	049	Shanai	0	1	gs1:Shanai
002	111	001	Shanai 2		2	gs2:Shanai 2
002	111	008	Pungi		2	gs2:Pungi
002	111	016	Hichriki		2	gs2:Hichriki
003	111	024	Mizmar		3	gs3:Mizmar
003	111	032	Suona		3	gs3:Suona
003	111	033	Suona 2		3	gs3:Suona 2
000	112	049	TnklBell	0	1	gs1:TnklBell
002	112	008	Bonang		2	gs2:Bonang
002	112	009	Gender		2	gs2:Gender
002	112	010	GmlnGong		2	gs2:GmlnGong
002	112	011	StGameln		2	gs2:StGameln
003	112	012	Jang-Gu		3	gs3:Jang-Gu
004	112	013	Jegogan		4	gs4:Jegogan
004	112	014	Jublag		4	gs4:Jublag
004	112	015	Pemade		4	gs4:Pemade
002	112	016	RAMACymb		2	gs2:RAMACymb
004	112	017	Kajar		4	gs4:Kajar
004	112	018	Kelontuk		4	gs4:Kelontuk
004	112	019	KelntkMt		4	gs4:KelntkMt
004	112	020	KelntkSd		4	gs4:KelntkSd
004	112	021	KopyakOp		4	gs4:KopyakOp
004	112	022	KopyakMt		4	gs4:KopyakMt
004	112	023	CengCeng		4	gs4:CengCeng
004	112	024	Reyoung		4	gs4:Reyoung
004	112	025	Kempur		4	gs4:Kempur
004	112	032	JnglCrsh		4	gs4:JnglCrsh
004	112	040	JgCrsh!!		4	gs4:JgCrsh!!
004	112	041	RideCym!		4	gs4:RideCym!
004	112	042	RideBel!		4	gs4:RideBel!
000	113	049	Agogo	0	1	gs1:Agogo
002	113	049	Agogo	0	2	gs2:Agogo
002	113	008	Atargane		2	gs2:Atargane
003	113	016	Tmbourin		3	gs3:Tmbourin
000	114	049	SteelDrm	0	1	gs1:SteelDrm
003	114	001	IslndMlt		3	gs3:IslndMlt
000	115	049	Woodblok	0	1	gs1:Woodblok
000	115	008	Castanet		1	gs1:Castanet
003	115	016	Angklung		3	gs3:Angklung
003	115	017	AngkRthm		3	gs3:AngkRthm
003	115	024	FngrSnap		3	gs3:FngrSnap
003	115	032	909 Clap		3	gs3:909 Clap
004	115	040	HandClp!		4	gs4:HandClp!
000	116	049	Taiko	0	1	gs1:Taiko
003	116	001	SmallTko		3	gs3:SmallTko
000	116	008	ConcrtBD		1	gs1:ConcrtBD
004	116	009	Con.BDMt		4	gs4:Con.BDMt
003	116	016	JungleBD		3	gs3:JungleBD
003	116	017	TechnoBD		3	gs3:TechnoBD
003	116	018	Bounce		3	gs3:Bounce
004	116	024	KendnWad		4	gs4:KendnWad
004	116	025	Bebarngn		4	gs4:Bebarngn
004	116	026	Pelegngn		4	gs4:Pelegngn
004	116	027	Dholak		4	gs4:Dholak
004	116	028	Dholak 2		4	gs4:Dholak 2
004	116	033	JnglBaDr		4	gs4:JnglBaDr
004	116	040	Kick1 !!		4	gs4:Kick1 !!
004	116	041	Kick2 !!		4	gs4:Kick2 !!
004	116	042	Kick3 !!		4	gs4:Kick3 !!
004	116	043	Kick4 !!		4	gs4:Kick4 !!
000	117	049	MelodTom	0	1	gs1:MelodTom
002	117	001	Real Tom		2	gs2:Real Tom
004	117	002	RealTom2		4	gs4:RealTom2
004	117	003	Jazz Tom		4	gs4:Jazz Tom
004	117	004	BrushTom		4	gs4:BrushTom
000	117	008	MeloTom2		1	gs1:MeloTom2
002	117	009	Rock Tom		2	gs2:Rock Tom
003	117	016	Rash SD		3	gs3:Rash SD
003	117	017	House SD		3	gs3:House SD
003	117	018	JungleSD		3	gs3:JungleSD
003	117	019	909 SD		3	gs3:909 SD
004	117	024	JnglSnDr		4	gs4:JnglSnDr
004	117	040	Snare1!!		4	gs4:Snare1!!
004	117	041	Snare2!!		4	gs4:Snare2!!
004	117	042	Snare3!!		4	gs4:Snare3!!
004	117	043	Snare4!!		4	gs4:Snare4!!
004	117	044	Snare5!!		4	gs4:Snare5!!
000	118	049	Syn Drum	0	1	gs1:Syn Drum
000	118	008	808 Tom		1	gs1:808 Tom
000	118	009	ElecPerc		1	gs1:ElecPerc
003	118	010	SinePerc		3	gs3:SinePerc
003	118	011	606 Tom		3	gs3:606 Tom
003	118	012	909 Tom		3	gs3:909 Tom
004	118	013	606DsTom		4	gs4:606DsTom
000	119	049	RevCymbl	0	1	gs1:RevCymbl
002	119	001	RvCymbl2		2	gs2:RvCymbl2
003	119	002	RvCymbl3		3	gs3:RvCymbl3
004	119	003	RvCymbl4		4	gs4:RvCymbl4
002	119	008	RevSnare		2	gs2:RevSnare
002	119	009	RvSnare2		2	gs2:RvSnare2
002	119	016	Rev Kick		2	gs2:Rev Kick
002	119	017	RevConBD		2	gs2:RevConBD
002	119	024	Rev.Tom		2	gs2:Rev.Tom
002	119	025	Rev.Tom2		2	gs2:Rev.Tom2
004	119	026	Rev.Tom3		4	gs4:Rev.Tom3
004	119	027	Rev.Tom4		4	gs4:Rev.Tom4
004	119	040	RvSnr1!!		4	gs4:RvSnr1!!
004	119	041	RvSnr2!!		4	gs4:RvSnr2!!
004	119	042	RvSnr3!!		4	gs4:RvSnr3!!
004	119	043	RvBDr1!!		4	gs4:RvBDr1!!
004	119	044	RvBDr2!!		4	gs4:RvBDr2!!
004	119	045	RvBDr3!!		4	gs4:RvBDr3!!
004	119	046	RvClap!!		4	gs4:RvClap!!
000	120	049	FretNoiz	0	1	gs1:FretNoiz
000	120	001	CutNoise	0	1	gs1:CutNoise
000	120	002	Str.Slap	0	1	gs1:Str.Slap
002	120	003	CutNoiz2	0	2	gs2:CutNoiz2
002	120	004	DstCutNz	0	2	gs2:DstCutNz
002	120	005	B.Slide	0	2	gs2:B.Slide
002	120	006	P.Scrape	0	2	gs2:P.Scrape
003	120	008	Gtr.Fx!!	0	3	gs3:Gtr.Fx!!
003	120	009	BartkPiz	0	3	gs3:BartkPiz
003	120	010	Gtr.Slap	0	3	gs3:Gtr.Slap
003	120	011	ChrdStrk	0	3	gs3:ChrdStrk
003	120	012	BiwaStrk	0	3	gs3:BiwaStrk
003	120	013	BiwaTrem	0	3	gs3:BiwaTrem
004	120	016	AcBaNz!!	0	4	gs4:AcBaNz!!
004	120	017	DsGtNz!!	0	4	gs4:DsGtNz!!
004	120	018	ElGtNz!!	0	4	gs4:ElGtNz!!
004	120	019	ElGtNz!2	0	4	gs4:ElGtNz!2
004	120	020	GtStrk!!	0	4	gs4:GtStrk!!
004	120	021	GtSlide!	0	4	gs4:GtSlide!
004	120	022	AcBaMute	0	4	gs4:AcBaMute
004	120	023	AcBaTch.	0	4	gs4:AcBaTch.
004	120	024	AcBaAtk.	0	4	gs4:AcBaAtk.
004	120	025	TCUpNoiz	0	4	gs4:TCUpNoiz
004	120	026	TCDownMt	0	4	gs4:TCDownMt
004	120	027	TC Up Mt	0	4	gs4:TC Up Mt
004	120	028	TCDownNz	0	4	gs4:TCDownNz
004	120	029	DsGtUpNz	0	4	gs4:DsGtUpNz
004	120	030	DsGtDown	0	4	gs4:DsGtDown
004	120	031	DsGtDwn2	0	4	gs4:DsGtDwn2
004	120	032	DsGtMute	0	4	gs4:DsGtMute
004	120	034	GtrStrk5	0	4	gs4:GtrStrk5
004	120	035	StlGtrSl	0	4	gs4:StlGtrSl
004	120	036	StlGtSl2	0	4	gs4:StlGtSl2
004	120	037	StlGtSl3	0	4	gs4:StlGtSl3
004	120	038	StlGtSl4	0	4	gs4:StlGtSl4
004	120	039	Gtr.Strk	0	4	gs4:Gtr.Strk
004	120	040	GtrStrk2	0	4	gs4:GtrStrk2
004	120	041	GtrStrk3	0	4	gs4:GtrStrk3
004	120	042	GtrStrk4	0	4	gs4:GtrStrk4
000	121	049	BrthNoiz	0	1	gs1:BrthNoiz
000	121	001	Fl.KClik	0	1	gs1:Fl.KClik
004	121	002	BrthNz!!	0	4	gs4:BrthNz!!
004	121	003	Fl. Brth	0	4	gs4:Fl. Brth
004	121	004	Fl.Brth2	0	4	gs4:Fl.Brth2
004	121	005	Fl.Brth3	0	4	gs4:Fl.Brth3
004	121	006	VoxBrth.	0	4	gs4:VoxBrth.
004	121	007	VoxBrth2	0	4	gs4:VoxBrth2
004	121	008	TrombnNz	0	4	gs4:TrombnNz
004	121	009	TrumptNz	0	4	gs4:TrumptNz
000	122	049	Seashore	0	1	gs1:Seashore
000	122	001	Shower	0	1	gs1:Shower
000	122	002	Thunder	0	1	gs1:Thunder
000	122	003	Wind	0	1	gs1:Wind
000	122	004	Stream	1	1	gs1:Stream
000	122	005	Bubble	1	1	gs1:Bubble
003	122	006	Wind 2	0	3	gs3:Wind 2
004	122	007	Cricket	0	4	gs4:Cricket
003	122	016	PinkNoiz	0	3	gs3:PinkNoiz
003	122	017	White Nz	0	3	gs3:White Nz
000	123	049	Tweet	1	1	gs1:Tweet
000	123	001	Dog Woof	0	1	gs1:Dog Woof
000	123	002	HorseGlp	0	1	gs1:HorseGlp
000	123	003	BirdTwit	0	1	gs1:BirdTwit
002	123	004	Kitty	0	2	gs2:Kitty
002	123	005	Growl	0	2	gs2:Growl
004	123	006	Growl 2	0	4	gs4:Growl 2
004	123	007	FancyAni	0	4	gs4:FancyAni
004	123	008	Seal	0	4	gs4:Seal
000	124	049	Telphone	0	1	gs1:Telphone
000	124	001	PhonCall	0	1	gs1:PhonCall
000	124	002	DoorSqek	0	1	gs1:DoorSqek
000	124	003	DoorSlam	0	1	gs1:DoorSlam
000	124	004	ScratchC	0	1	gs1:ScratchC
000	124	005	WindChim	1	1	gs1:WindChim
002	124	007	Scratch2	0	2	gs2:Scratch2
003	124	008	ScrachKy	1	3	gs3:ScrachKy
003	124	009	TapeRwnd	0	3	gs3:TapeRwnd
003	124	010	PhonNoiz	0	3	gs3:PhonNoiz
003	124	011	MC500 Bp	0	3	gs3:MC500 Bp
004	124	012	Scratch3	0	4	gs4:Scratch3
004	124	013	Scratch4	0	4	gs4:Scratch4
004	124	014	Scratch5	0	4	gs4:Scratch5
004	124	015	Scratch6	0	4	gs4:Scratch6
004	124	016	Scratch7	0	4	gs4:Scratch7
000	125	049	Helicptr	0	1	gs1:Helicptr
000	125	001	CarStart	0	1	gs1:CarStart
000	125	002	CarTyreS	0	1	gs1:CarTyreS
000	125	003	Car Pass	0	1	gs1:Car Pass
000	125	004	CarCrash	1	1	gs1:CarCrash
000	125	005	Siren	0	1	gs1:Siren
000	125	006	Train	0	1	gs1:Train
000	125	007	JetPlane	1	1	gs1:JetPlane
000	125	008	Starship	1	1	gs1:Starship
000	125	009	Burst	1	1	gs1:Burst
003	125	010	Calclate	1	3	gs3:Calclate
003	125	011	PercBang	1	3	gs3:PercBang
004	125	012	Burner	1	4	gs4:Burner
004	125	013	Glas&Glm	0	4	gs4:Glas&Glm
004	125	014	Ice Ring	0	4	gs4:Ice Ring
004	125	015	OverBlow	1	4	gs4:OverBlow
004	125	016	CrakBotl	0	4	gs4:CrakBotl
004	125	017	PourBotl	0	4	gs4:PourBotl
004	125	018	Soda	0	4	gs4:Soda
004	125	019	CD Tray	0	4	gs4:CD Tray
004	125	020	AudioSwi	0	4	gs4:AudioSwi
004	125	021	Key Type	0	4	gs4:Key Type
004	125	022	TrainHrn	0	4	gs4:TrainHrn
004	125	023	TrainPas	0	4	gs4:TrainPas
004	125	024	CarStar2	0	4	gs4:CarStar2
004	125	025	Car Horn	0	4	gs4:Car Horn
004	125	026	Boeeeeen	0	4	gs4:Boeeeeen
004	125	027	RailCros	0	4	gs4:RailCros
004	125	028	Compress	0	4	gs4:Compress
004	125	029	SwordBom	0	4	gs4:SwordBom
004	125	030	SwordCrs	0	4	gs4:SwordCrs
004	125	031	Stab	0	4	gs4:Stab
004	125	032	Stab 2	0	4	gs4:Stab 2
000	125	016	Coaster	0	1	gs1:Coaster
000	126	049	Applause	1	1	gs1:Applause
000	126	001	LaughVox	0	1	gs1:LaughVox
000	126	002	ScreamVx	0	1	gs1:ScreamVx
000	126	003	Punch	0	1	gs1:Punch
000	126	004	Heart	0	1	gs1:Heart
000	126	005	Footstep	0	1	gs1:Footstep
002	126	006	Applauz2	1	2	gs2:Applauz2
003	126	007	SmalClub	1	3	gs3:SmalClub
003	126	008	ApplzWav	1	3	gs3:ApplzWav
004	126	009	BabyLaf.	0	4	gs4:BabyLaf.
003	126	016	Voice 1	0	3	gs3:Voice 1
003	126	017	Voice 2	0	3	gs3:Voice 2
003	126	018	Voice 3	0	3	gs3:Voice 3
003	126	019	VoiceTah	0	3	gs3:VoiceTah
003	126	020	VoiceWey	0	3	gs3:VoiceWey
004	126	022	Vx Kikit	0	4	gs4:Vx Kikit
004	126	023	VxComeOn	0	4	gs4:VxComeOn
004	126	024	Voice Ow	0	4	gs4:Voice Ow
004	126	025	VoiceWoo	0	4	gs4:VoiceWoo
004	126	026	VoiceHie	0	4	gs4:VoiceHie
000	127	049	Gunshot	0	1	gs1:Gunshot
000	127	001	MchinGun	0	1	gs1:MchinGun
000	127	002	LaserGun	0	1	gs1:LaserGun
000	127	003	Xplosion	1	1	gs1:Xplosion
003	127	004	Eruption	0	3	gs3:Eruption
003	127	005	Big Shot	1	3	gs3:Big Shot
004	127	006	Xploshn2	1	4	gs4:Xploshn2
126	000	049	BritePno	0	1	mt2:BritePno
126	001	049	BritePno	0	1	mt2:BritePno
126	002	049	BritePno	0	1	mt2:BritePno
126	003	049	HnkyTonk	1	1	mt2:HnkyTonk
126	004	049	GrandPno	0	1	mt2:GrandPno
126	005	049	BritePno	0	1	mt2:BritePno
126	006	049	BritePno	0	1	mt2:BritePno
126	007	049	ElPiano1	0	1	mt2:ElPiano1
126	008	049	Det.EP 1	1	1	mt2:Det.EP 1
126	009	049	ElPiano2	0	1	mt2:ElPiano2
126	010	049	SteelGtr	0	1	mt2:SteelGtr
126	011	049	SteelGtr	0	1	mt2:SteelGtr
126	012	049	12StrGtr	1	1	mt2:12StrGtr
126	013	049	Funk Gtr	0	1	mt2:Funk Gtr
126	014	049	MutedGtr	0	1	mt2:MutedGtr
126	015	049	SlapBass	0	1	mt2:SlapBass
126	016	049	SlapBass	0	1	mt2:SlapBass
126	017	049	SlapBass	0	1	mt2:SlapBass
126	018	049	SlapBass	0	1	mt2:SlapBass
126	019	049	SlapBas2	0	1	mt2:SlapBas2
126	020	049	SlapBas2	0	1	mt2:SlapBas2
126	021	049	SlapBas2	0	1	mt2:SlapBas2
126	022	049	SlapBas2	0	1	mt2:SlapBas2
126	023	049	FngrBass	0	1	mt2:FngrBass
126	024	049	FngrBass	0	1	mt2:FngrBass
126	025	049	PickBass	0	1	mt2:PickBass
126	026	049	PickBass	0	1	mt2:PickBass
126	027	049	Fretless	0	1	mt2:Fretless
126	028	049	Aco.Bass	0	1	mt2:Aco.Bass
126	029	049	ChoirAah	0	1	mt2:ChoirAah
126	030	049	ChoirAah	0	1	mt2:ChoirAah
126	031	049	ChoirAah	0	1	mt2:ChoirAah
126	032	049	ChoirAah	0	1	mt2:ChoirAah
126	033	049	Slow Str	0	1	mt2:Slow Str
126	034	049	Strings	0	1	mt2:Strings
126	035	049	Syn.Str3	1	1	mt2:Syn.Str3
126	036	049	Syn.Str3	1	1	mt2:Syn.Str3
126	037	049	DrawOrgn	0	1	mt2:DrawOrgn
126	038	049	DrawOrgn	0	1	mt2:DrawOrgn
126	039	049	DrawOrgn	0	1	mt2:DrawOrgn
126	040	049	PercOrgn	0	1	mt2:PercOrgn
126	041	049	DrawOrgn	0	1	mt2:DrawOrgn
126	042	049	DrawOrgn	0	1	mt2:DrawOrgn
126	043	049	PercOrgn	0	1	mt2:PercOrgn
126	044	049	PercOrgn	0	1	mt2:PercOrgn
126	045	049	PercOrgn	0	1	mt2:PercOrgn
126	046	049	Trumpet	0	1	mt2:Trumpet
126	047	049	Trumpet	0	1	mt2:Trumpet
126	048	049	Trombone	0	1	mt2:Trombone
126	049	049	Trombone	0	1	mt2:Trombone
126	050	049	Trombone	0	1	mt2:Trombone
126	051	049	Trombone	0	1	mt2:Trombone
126	052	049	Trombone	0	1	mt2:Trombone
126	053	049	Trombone	0	1	mt2:Trombone
126	054	049	Alto Sax	0	1	mt2:Alto Sax
126	055	049	TenorSax	0	1	mt2:TenorSax
126	056	049	Bari.Sax	0	1	mt2:Bari.Sax
126	057	049	Alto Sax	0	1	mt2:Alto Sax
126	058	049	BrasSect	0	1	mt2:BrasSect
126	059	049	BrasSect	0	1	mt2:BrasSect
126	060	049	SynBrass	1	1	mt2:SynBrass
126	061	049	SynBrass	1	1	mt2:SynBrass
126	062	049	BrasSect	0	1	mt2:BrasSect
126	063	049	Orch.Hit	1	1	mt2:Orch.Hit
127	000	049	GrandPno	3	1	mt1:GrandPno
127	001	049	BritePno	1	1	mt1:BritePno
127	002	049	MelloGrP	0	1	mt1:MelloGrP
127	003	049	ElPiano1	2	1	mt1:ElPiano1
127	004	049	ElPiano2	1	1	mt1:ElPiano2
127	005	049	ElPiano3	1	1	mt1:ElPiano3
127	006	049	ElPiano4	3	1	mt1:ElPiano4
127	007	049	HnkyTonk	2	1	mt1:HnkyTonk
127	008	049	ElecOrgn	2	1	mt1:ElecOrgn
127	009	049	ElecOrg2	2	1	mt1:ElecOrg2
127	010	049	ElecOrg3	1	1	mt1:ElecOrg3
127	011	049	ElecOrg4	1	1	mt1:ElecOrg4
127	012	049	PipeOrgn	2	1	mt1:PipeOrgn
127	013	049	PipeOrg2	2	1	mt1:PipeOrg2
127	014	049	PipeOrg3	1	1	mt1:PipeOrg3
127	015	049	Acordion	1	1	mt1:Acordion
127	016	049	Hrpschrd	3	1	mt1:Hrpschrd
127	017	049	Hpschrd2	1	1	mt1:Hpschrd2
127	018	049	Hpschrd3	0	1	mt1:Hpschrd3
127	019	049	Clvichrd	2	1	mt1:Clvichrd
127	020	049	Clavi. 2	1	1	mt1:Clavi. 2
127	021	049	Clavi. 3	0	1	mt1:Clavi. 3
127	022	049	Celesta	3	1	mt1:Celesta
127	023	049	Celesta2	1	1	mt1:Celesta2
127	024	049	SynBrass	1	1	mt1:SynBrass
127	025	049	SynBras2	2	1	mt1:SynBras2
127	026	049	SynBras3	1	1	mt1:SynBras3
127	027	049	SynBras4	1	1	mt1:SynBras4
127	028	049	SynBass1	1	1	mt1:SynBass1
127	029	049	SynBass2	1	1	mt1:SynBass2
127	030	049	SynBass3	1	1	mt1:SynBass3
127	031	049	SynBass4	0	1	mt1:SynBass4
127	032	049	Fantasia	2	1	mt1:Fantasia
127	033	049	HarmoPan	2	1	mt1:HarmoPan
127	034	049	Chorale	2	1	mt1:Chorale
127	035	049	Glasses	1	1	mt1:Glasses
127	036	049	SoundTrk	3	1	mt1:SoundTrk
127	037	049	Atmosphr	3	1	mt1:Atmosphr
127	038	049	WarmBell	3	1	mt1:WarmBell
127	039	049	FunnyVox	0	1	mt1:FunnyVox
127	040	049	EchoBell	2	1	mt1:EchoBell
127	041	049	Ice Rain	2	1	mt1:Ice Rain
127	042	049	Oboe2001	1	1	mt1:Oboe2001
127	043	049	Echo Pan	1	1	mt1:Echo Pan
127	044	049	Dr. Solo	1	1	mt1:Dr. Solo
127	045	049	Sch.Daze	1	1	mt1:Sch.Daze
127	046	049	Belsingr	0	1	mt1:Belsingr
127	047	049	Sqr.Lead	1	1	mt1:Sqr.Lead
127	048	049	Str Sect	3	1	mt1:Str Sect
127	049	049	StrSect2	2	1	mt1:StrSect2
127	050	049	StrSect3	1	1	mt1:StrSect3
127	051	049	Pizz.Str	2	1	mt1:Pizz.Str
127	052	049	Violin	2	1	mt1:Violin
127	053	049	Violin 2	1	1	mt1:Violin 2
127	054	049	Cello	2	1	mt1:Cello
127	055	049	Cello 2	1	1	mt1:Cello 2
127	056	049	Contrbas	1	1	mt1:Contrbas
127	057	049	Harp	2	1	mt1:Harp
127	058	049	Harp 2	1	1	mt1:Harp 2
127	059	049	Guitar	1	1	mt1:Guitar
127	060	049	Guitar 2	1	1	mt1:Guitar 2
127	061	049	Elec.Gtr	3	1	mt1:Elec.Gtr
127	062	049	ElecGtr2	2	1	mt1:ElecGtr2
127	063	049	Sitar	3	1	mt1:Sitar
127	064	049	Aco.Bass	1	1	mt1:Aco.Bass
127	065	049	AcouBas2	0	1	mt1:AcouBas2
127	066	049	ElecBass	1	1	mt1:ElecBass
127	067	049	ElecBas2	0	1	mt1:ElecBas2
127	068	049	SlapBass	2	1	mt1:SlapBass
127	069	049	SlapBas2	1	1	mt1:SlapBas2
127	070	049	Fretless	3	1	mt1:Fretless
127	071	049	Fretles2	1	1	mt1:Fretles2
127	072	049	Flute	3	1	mt1:Flute
127	073	049	Flute 2	1	1	mt1:Flute 2
127	074	049	Piccolo	2	1	mt1:Piccolo
127	075	049	Piccolo2	1	1	mt1:Piccolo2
127	076	049	Recorder	1	1	mt1:Recorder
127	077	049	Pan Pipe	2	1	mt1:Pan Pipe
127	078	049	SprnoSax	3	1	mt1:SprnoSax
127	079	049	Alto Sax	2	1	mt1:Alto Sax
127	080	049	TenorSax	1	1	mt1:TenorSax
127	081	049	Bari.Sax	0	1	mt1:Bari.Sax
127	082	049	Clarinet	2	1	mt1:Clarinet
127	083	049	Clrinet2	1	1	mt1:Clrinet2
127	084	049	Oboe	1	1	mt1:Oboe
127	085	049	Eng.Horn	1	1	mt1:Eng.Horn
127	086	049	Bassoon	1	1	mt1:Bassoon
127	087	049	Harmnica	1	1	mt1:Harmnica
127	088	049	Trumpet	2	1	mt1:Trumpet
127	089	049	Trumpet2	1	1	mt1:Trumpet2
127	090	049	Trombone	2	1	mt1:Trombone
127	091	049	Trombon2	1	1	mt1:Trombon2
127	092	049	FrchHorn	2	1	mt1:FrchHorn
127	093	049	FrHorn 2	1	1	mt1:FrHorn 2
127	094	049	Tuba	1	1	mt1:Tuba
127	095	049	BrasSect	3	1	mt1:BrasSect
127	096	049	BrasSec2	2	1	mt1:BrasSec2
127	097	049	Vibrafon	2	1	mt1:Vibrafon
127	098	049	Vibrfon2	1	1	mt1:Vibrfon2
127	099	049	SynMalet	0	1	mt1:SynMalet
127	100	049	Windbell	2	1	mt1:Windbell
127	101	049	Glocken	1	1	mt1:Glocken
127	102	049	TubulBel	3	1	mt1:TubulBel
127	103	049	Xylophon	0	1	mt1:Xylophon
127	104	049	Marimba	2	1	mt1:Marimba
127	105	049	Koto	1	1	mt1:Koto
127	106	049	Sho	3	1	mt1:Sho
127	107	049	Shakhchi	3	1	mt1:Shakhchi
127	108	049	Whistle	1	1	mt1:Whistle
127	109	049	Whistle2	0	1	mt1:Whistle2
127	110	049	BotlBlow	3	1	mt1:BotlBlow
127	111	049	BrthPipe	2	1	mt1:BrthPipe
127	112	049	Timpani	1	1	mt1:Timpani
127	113	049	MelodTom	0	1	mt1:MelodTom
127	114	049	Dp Snare	1	1	mt1:Dp Snare
127	115	049	ElecPerc	1	1	mt1:ElecPerc
127	116	049	El.Perc2	1	1	mt1:El.Perc2
127	117	049	Taiko	2	1	mt1:Taiko
127	118	049	TaikoRim	0	1	mt1:TaikoRim
127	119	049	Cymbal	1	1	mt1:Cymbal
127	120	049	Cascanet	1	1	mt1:Cascanet
127	121	049	Triangle	1	1	mt1:Triangle
127	122	049	Orch.Hit	3	1	mt1:Orch.Hit
127	123	049	Telphone	0	1	mt1:Telphone
127	124	049	Tweet	0	1	mt1:Tweet
127	125	049	1NoteJam	3	1	mt1:1NoteJam
127	126	049	WaterBel	2	1	mt1:WaterBel
127	127	049	JnglTune	3	1	mt1:JnglTune
000	000	128	Standard	16	1	gs1:Standard
002	001	128	Standrd2	16	2	gs2:Standrd2
003	002	128	Standrd3	16	3	gs3:Standrd3
004	002	128	StdrdL/R	16	4	gs4:StdrdL/R
000	008	128	Room Kit	16	1	gs1:Room Kit
003	009	128	HipHopKt	16	3	gs3:HipHopKt
003	010	128	JungleKt	16	3	gs3:JungleKt
003	011	128	TechnoKt	16	3	gs3:TechnoKt
004	012	128	Room L/R	16	4	gs4:Room L/R
004	013	128	HouseKit	16	4	gs4:HouseKit
000	016	128	PowerKit	16	1	gs1:PowerKit
000	024	128	Electro	16	1	gs1:Electro
000	025	128	AnalogKt	16	1	gs1:AnalogKt
002	026	128	DanceKit	16	2	gs2:DanceKit
003	027	128	CR-78 Kt	16	3	gs3:CR-78 Kt
003	028	128	TR-606Kt	16	3	gs3:TR-606Kt
003	029	128	TR-707Kt	16	3	gs3:TR-707Kt
003	030	128	AnalgKt2	16	3	gs3:AnalgKt2
000	032	128	Jazz Kit	16	1	gs1:Jazz Kit
004	033	128	Jazz L/R	16	4	gs4:Jazz L/R
000	040	128	BrushKit	16	1	gs1:BrushKit
004	041	128	BrushKt2	16	4	gs4:BrushKt2
004	042	128	Brush2LR	16	4	gs4:Brush2LR
000	048	128	Orch.Kit	16	1	gs1:Orch.Kit
002	049	128	EthnicKt	16	2	gs2:EthnicKt
002	050	128	KikSnare	16	2	gs2:KikSnare
004	051	128	KkSnare2	16	4	gs4:KkSnare2
003	052	128	AsianKit	16	3	gs3:AsianKit
003	053	128	CymbalKt	16	3	gs3:CymbalKt
004	054	128	GamelnKt	16	4	gs4:GamelnKt
004	055	128	GamlnKt2	16	4	gs4:GamlnKt2
000	056	128	SFX Kit	16	1	gs1:SFX Kit
002	057	128	RyFX Kit	16	2	gs2:RyFX Kit
003	058	128	RyFX2 Kt	16	3	gs3:RyFX2 Kt
004	059	128	RyFX3 Kt	16	4	gs4:RyFX3 Kt
004	060	128	SFX Kt 2	16	4	gs4:SFX Kt 2
004	061	128	VoiceKit	16	4	gs4:VoiceKit
004	062	128	CymblKt2	16	4	gs4:CymblKt2
000	127	128	MT-32 Kt	16	1	gs1:MT-32 Kt
127	000	128	MT-32 Kt	16	1	gs1:MT-32 Kt
